payment_id,order_id,amount,payment_date,payment_method,status,reference
PAY_5001,ORD_1001,7304.00,2026-02-08,WALLET,SUCCESS,RZP_REF_1001
PAY_5002,ORD_1002,20757.00,2026-01-28,UPI,SUCCESS,RZP_REF_1002
PAY_5003,ORD_1003,12657.00,2026-01-17,UPI,SUCCESS,RZP_REF_1003
PAY_5004,ORD_1004,34273.00,2026-03-01,CARD,SUCCESS,RZP_REF_1004
PAY_5005,ORD_1005,4785.00,2026-03-02,NETBANKING,SUCCESS,RZP_REF_1005
PAY_5006,ORD_1006,8367.00,2026-02-16,NETBANKING,SUCCESS,RZP_REF_1006
PAY_5007,ORD_1007,26964.00,2026-01-21,WALLET,SUCCESS,RZP_REF_1007
PAY_5008,ORD_1008,19576.00,2026-02-05,CARD,SUCCESS,RZP/REF/1008
PAY_5009,ORD_1009,43776.00,2026-03-02,WALLET,SUCCESS,RZP_REF_1009
PAY_5010,ORD_1010,37496.00,2026-01-20,WALLET,SUCCESS,RZP_REF_1010
PAY_5011,ORD_1011,226.00,2026-01-20,NETBANKING,SUCCESS,RZP_REF_1011
PAY_5012,ORD_1012,38209.00,2026-02-08,NETBANKING,SUCCESS,RZP_REF_1012
PAY_5013,ORD_1013,29177.00,2026-02-13,CARD,SUCCESS,RZP_REF_1013
PAY_5014,ORD_1014,11320.00,2026-02-12,UPI,SUCCESS,rzp_ref_1014
PAY_5015,ORD_1015,43706.00,2026-02-10,NETBANKING,SUCCESS,RZP_REF_1015
PAY_5016,ORD_1016,49426.00,2026-01-16,NETBANKING,SUCCESS,RZP_REF_1016
PAY_5017,ORD_1017,9856.00,2026-01-02,UPI,SUCCESS,RZP_REF_1017
PAY_5018,ORD_1018,40260.00,2026-02-24,UPI,SUCCESS,RZP_REF_1018
PAY_5019,ORD_1019,41472.00,2026-02-06,CARD,SUCCESS, RZP REF 1019 
PAY_5020,ORD_1020,26391.00,2026-01-16,CARD,SUCCESS,RZP-REF-1020
PAY_5021,ORD_1021,7185.00,2026-02-19,WALLET,SUCCESS,RZP_REF_1021
PAY_5022,ORD_1022,45807.00,2026-02-03,WALLET,SUCCESS,RZP_REF_1022
PAY_5023,ORD_1023,36730.00,2026-01-16,UPI,SUCCESS,RZP_REF_1023
PAY_5024,ORD_1024,8938.00,2026-02-21,WALLET,SUCCESS,RZP_REF_1024
PAY_5025,ORD_1025,29204.00,2026-02-09,WALLET,SUCCESS,RZP_REF_1025
PAY_5026,ORD_1026,48936.00,2026-02-25,WALLET,SUCCESS,RZP_REF_1026
PAY_5027,ORD_1027,17186.00,2026-02-18,CARD,SUCCESS,rzp_ref_1027
PAY_5028,ORD_1028,34363.00,2026-02-01,CARD,SUCCESS,rzp_ref_1028
PAY_5029,ORD_1029,5277.00,2026-02-15,NETBANKING,SUCCESS,RZP/REF/1029
PAY_5030,ORD_1030,22210.00,2026-01-21,UPI,SUCCESS,RZP/REF/1030
PAY_5031,ORD_1031,15355.00,2026-01-25,CARD,SUCCESS,RZP_REF_1031
PAY_5032,ORD_1032,27388.00,2026-01-27,NETBANKING,SUCCESS,RZP_REF_1032
PAY_5033,ORD_1033,4280.00,2026-01-14,WALLET,SUCCESS, RZP REF 1033 
PAY_5034,ORD_1034,38478.00,2026-03-02,UPI,SUCCESS,RZP_REF_1034
PAY_5035,ORD_1035,586.00,2026-03-02,NETBANKING,SUCCESS,RZP_REF_1035
PAY_5036,ORD_1036,49579.00,2026-01-25,WALLET,SUCCESS,RZP_REF_1036
PAY_5037,ORD_1037,14580.00,2026-01-18,WALLET,SUCCESS,RZP_REF_1037
PAY_5038,ORD_1038,25684.00,2026-01-22,WALLET,SUCCESS,RZP_REF_1038
PAY_5039,ORD_1039,8564.00,2026-02-09,UPI,SUCCESS, RZP REF 1039 
PAY_5040,ORD_1040,37187.00,2026-02-12,UPI,SUCCESS,RZP_REF_1040
PAY_5041,ORD_1041,28289.00,2026-01-09,WALLET,SUCCESS,RZP_REF_1041
PAY_5042,ORD_1042,17249.00,2026-01-25,NETBANKING,SUCCESS,RZP/REF/1042
PAY_5043,ORD_1043,21620.00,2026-01-22,WALLET,SUCCESS,RZP_REF_1043
PAY_5044,ORD_1044,27827.00,2026-01-17,UPI,SUCCESS,RZP_REF_1044
PAY_5045,ORD_1045,49288.00,2026-02-04,UPI,SUCCESS,RZP_REF_1045
PAY_5046,ORD_1046,42807.00,2026-01-05,UPI,SUCCESS,RZP_REF_1046
PAY_5047,ORD_1047,13265.00,2026-02-23,UPI,SUCCESS,RZP_REF_1047
PAY_5048,ORD_1048,8472.00,2026-01-31,UPI,SUCCESS,RZP_REF_1048
PAY_5049,ORD_1049,14484.00,2026-01-30,NETBANKING,SUCCESS,RZP_REF_1049
PAY_5050,ORD_1050,39907.00,2026-02-08,UPI,SUCCESS,RZP_REF_1050
PAY_5051,ORD_1051,7284.00,2026-02-07,UPI,SUCCESS,RZP_REF_1051
PAY_5052,ORD_1052,44590.00,2026-02-28,WALLET,SUCCESS,RZP_REF_1052
PAY_5053,ORD_1053,13197.00,2026-01-05,CARD,SUCCESS,RZP_REF_1053
PAY_5054,ORD_1054,19964.00,2026-02-24,UPI,SUCCESS,RZP_REF_1054
PAY_5055,ORD_1055,2891.00,2026-01-23,WALLET,SUCCESS,RZP_REF_1055
PAY_5056,ORD_1056,33358.00,2026-02-11,NETBANKING,SUCCESS,RZP_REF_1056
PAY_5057,ORD_1057,32325.00,2026-01-07,WALLET,SUCCESS,RZP_REF_1057
PAY_5058,ORD_1058,41853.00,2026-02-27,WALLET,SUCCESS,RZP_REF_1058
PAY_5059,ORD_1059,11743.00,2026-02-16,NETBANKING,SUCCESS,RZP_REF_1059
PAY_5060,ORD_1060,28745.00,2026-02-22,NETBANKING,SUCCESS,RZP_REF_1060
PAY_5061,ORD_1061,5879.00,2026-01-18,WALLET,SUCCESS,RZP_REF_1061
PAY_5062,ORD_1062,30655.00,2026-02-06,WALLET,SUCCESS,RZP_REF_1062
PAY_5063,ORD_1063,32594.00,2026-02-24,NETBANKING,SUCCESS,RZP_REF_1063
PAY_5064,ORD_1064,14101.00,2026-01-23,NETBANKING,SUCCESS,RZP_REF_1064
PAY_5065,ORD_1065,39269.00,2026-02-14,NETBANKING,SUCCESS,RZP_REF_1065
PAY_5066,ORD_1066,12721.00,2026-01-06,CARD,SUCCESS,RZP_REF_1066
PAY_5067,ORD_1067,36584.00,2026-02-18,CARD,SUCCESS,RZP_REF_1067
PAY_5068,ORD_1068,31401.00,2026-02-11,WALLET,SUCCESS,RZP_REF_1068
PAY_5069,ORD_1069,6298.00,2026-01-19,CARD,SUCCESS,RZP_REF_1069
PAY_5070,ORD_1070,16145.00,2026-01-20,NETBANKING,SUCCESS,RZP_REF_1070
PAY_5071,ORD_1071,36472.00,2026-02-03,NETBANKING,SUCCESS,RZP_REF_1071
PAY_5072,ORD_1072,36270.00,2026-01-22,NETBANKING,SUCCESS,RZP_REF_1072
PAY_5073,ORD_1073,29936.00,2026-01-18,NETBANKING,SUCCESS,RZP_REF_1073
PAY_5074,ORD_1074,15308.00,2026-01-08,CARD,SUCCESS,RZP_REF_1074
PAY_5075,ORD_1075,8035.00,2026-02-17,CARD,SUCCESS,RZP_REF_1075
PAY_5076,ORD_1076,48605.00,2026-01-31,NETBANKING,SUCCESS,RZP_REF_1076
PAY_5077,ORD_1077,12921.00,2026-01-19,CARD,SUCCESS,RZP_REF_1077
PAY_5078,ORD_1078,20009.00,2026-01-01,CARD,SUCCESS,RZP_REF_1078
PAY_5079,ORD_1079,3182.00,2026-01-04,NETBANKING,SUCCESS,RZP/REF/1079
PAY_5080,ORD_1080,49534.00,2026-02-01,UPI,SUCCESS,RZP_REF_1080
PAY_5081,ORD_1081,18834.00,2026-01-31,WALLET,SUCCESS,RZP_REF_1081
PAY_5082,ORD_1082,12282.00,2026-01-04,NETBANKING,SUCCESS,RZP_REF_1082
PAY_5083,ORD_1083,4482.00,2026-01-26,WALLET,SUCCESS,RZP_REF_1083
PAY_5084,ORD_1084,41451.00,2026-02-13,UPI,SUCCESS,RZP/REF/1084
PAY_5085,ORD_1085,37086.00,2026-03-02,NETBANKING,SUCCESS,RZP_REF_1085
PAY_5086,ORD_1086,7962.00,2026-02-05,WALLET,SUCCESS,RZP_REF_1086
PAY_5087,ORD_1087,34447.00,2026-01-25,WALLET,SUCCESS,RZP_REF_1087
PAY_5088,ORD_1088,19687.00,2026-02-25,WALLET,SUCCESS,RZP_REF_1088
PAY_5089,ORD_1089,40899.00,2026-01-04,UPI,SUCCESS,RZP_REF_1089
PAY_5090,ORD_1090,14029.00,2026-01-17,UPI,SUCCESS,RZP_REF_1090
PAY_5091,ORD_1091,11591.00,2026-02-05,UPI,SUCCESS,RZP_REF_1091
PAY_5092,ORD_1092,26972.00,2026-01-29,WALLET,SUCCESS,RZP_REF_1092
PAY_5093,ORD_1093,15370.00,2026-01-19,NETBANKING,SUCCESS, RZP REF 1093 
PAY_5094,ORD_1094,45248.00,2026-01-15,NETBANKING,SUCCESS,REF1094
PAY_5095,ORD_1095,13164.00,2026-01-28,UPI,SUCCESS,RZP_REF_1095
PAY_5096,ORD_1096,9964.00,2026-02-28,NETBANKING,SUCCESS,RZP_REF_1096
PAY_5097,ORD_1097,4108.00,2026-01-11,NETBANKING,SUCCESS,RZP_REF_1097
PAY_5098,ORD_1098,8349.00,2026-01-30,NETBANKING,SUCCESS,RZP_REF_1098
PAY_5099,ORD_1099,32998.00,2026-02-04,WALLET,SUCCESS,RZP_REF_1099
PAY_5100,ORD_1100,39392.00,2026-01-03,WALLET,SUCCESS,RZP_REF_1100
PAY_5101,ORD_1101,16608.00,2026-01-02,UPI,SUCCESS,RZP/REF/1101
PAY_5102,ORD_1102,37896.00,2026-02-07,UPI,SUCCESS,RZP_REF_1102
PAY_5103,ORD_1103,2836.00,2026-02-18,CARD,SUCCESS, RZP REF 1103 
PAY_5104,ORD_1104,42897.00,2026-01-29,NETBANKING,SUCCESS,RZP_REF_1104
PAY_5105,ORD_1105,28766.00,2026-02-10,WALLET,SUCCESS,RZP_REF_1105
PAY_5106,ORD_1106,23003.00,2026-01-27,NETBANKING,SUCCESS,RZP_REF_1106
PAY_5107,ORD_1107,44117.00,2026-01-07,CARD,SUCCESS,RZP_REF_1107
PAY_5108,ORD_1108,45660.00,2026-02-01,NETBANKING,SUCCESS,RZP_REF_1108
PAY_5109,ORD_1109,36251.00,2026-01-03,WALLET,SUCCESS,RZP_REF_1109
PAY_5110,ORD_1110,16741.00,2026-01-21,UPI,SUCCESS,RZP_REF_1110
PAY_5111,ORD_1111,26688.00,2026-02-25,UPI,SUCCESS,RZP_REF_1111
PAY_5112,ORD_1112,3752.00,2026-01-13,NETBANKING,SUCCESS,RZP_REF_1112
PAY_5113,ORD_1113,29169.00,2026-02-18,UPI,SUCCESS,RZP_REF_1113
PAY_5114,ORD_1114,36193.00,2026-01-09,NETBANKING,SUCCESS,RZP_REF_1114
PAY_5115,ORD_1115,31966.00,2026-01-08,UPI,SUCCESS,RZP_REF_1115
PAY_5116,ORD_1116,40103.00,2026-02-21,CARD,SUCCESS,RZP_REF_1116
PAY_5117,ORD_1117,10579.00,2026-01-20,UPI,SUCCESS,RZP_REF_1117
PAY_5118,ORD_1118,14925.00,2026-02-23,UPI,SUCCESS,RZP_REF_1118
PAY_5119,ORD_1119,42648.00,2026-02-23,CARD,SUCCESS,RZP_REF_1119
PAY_5120,ORD_1120,19327.00,2026-02-02,NETBANKING,SUCCESS, RZP REF 1120 
PAY_5121,ORD_1121,31147.00,2026-01-16,WALLET,SUCCESS,RZP_REF_1121
PAY_5122,ORD_1122,12691.00,2026-02-28,CARD,SUCCESS,RZP-REF-1122
PAY_5123,ORD_1123,27393.00,2026-01-22,NETBANKING,SUCCESS,RZP_REF_1123
PAY_5124,ORD_1124,18736.00,2026-02-16,NETBANKING,SUCCESS,REF1124
PAY_5125,ORD_1125,43449.00,2026-02-01,CARD,SUCCESS, RZP REF 1125 
PAY_5126,ORD_1126,31941.00,2026-01-23,NETBANKING,SUCCESS,RZP_REF_1126
PAY_5127,ORD_1127,21288.00,2026-02-25,CARD,SUCCESS,RZP_REF_1127
PAY_5128,ORD_1128,15850.00,2026-02-06,WALLET,SUCCESS,RZP_REF_1128
PAY_5129,ORD_1129,27120.00,2026-01-03,NETBANKING,SUCCESS,RZP_REF_1129
PAY_5130,ORD_1130,25184.00,2026-01-25,CARD,SUCCESS,RZP_REF_1130
PAY_5131,ORD_1131,2626.00,2026-01-09,NETBANKING,SUCCESS,RZP_REF_1131
PAY_5132,ORD_1132,29055.00,2026-01-07,WALLET,SUCCESS,RZP_REF_1132
PAY_5133,ORD_1133,9647.00,2026-01-27,CARD,SUCCESS,RZP_REF_1133
PAY_5134,ORD_1134,17568.00,2026-01-22,WALLET,SUCCESS,RZP_REF_1134
PAY_5135,ORD_1135,5463.00,2026-02-24,NETBANKING,SUCCESS,REF1135
PAY_5136,ORD_1136,20952.00,2026-02-10,WALLET,SUCCESS,RZP_REF_1136
PAY_5137,ORD_1137,4684.00,2026-01-16,NETBANKING,SUCCESS,RZP/REF/1137
PAY_5138,ORD_1138,6123.00,2026-01-28,UPI,SUCCESS,RZP_REF_1138
PAY_5139,ORD_1139,41733.00,2026-02-15,UPI,SUCCESS,RZP_REF_1139
PAY_5140,ORD_1140,45682.00,2026-01-20,UPI,SUCCESS,RZP_REF_1140
PAY_5141,ORD_1141,21458.00,2026-02-20,UPI,SUCCESS,RZP_REF_1141
PAY_5142,ORD_1142,24765.00,2026-01-28,CARD,SUCCESS,RZP_REF_1142
PAY_5143,ORD_1143,27204.00,2026-02-06,CARD,SUCCESS,RZP_REF_1143
PAY_5144,ORD_1144,5375.00,2026-02-09,WALLET,SUCCESS,RZP_REF_1144
PAY_5145,ORD_1145,38417.00,2026-01-10,CARD,SUCCESS,RZP_REF_1145
PAY_5146,ORD_1146,16844.00,2026-01-30,NETBANKING,SUCCESS,RZP_REF_1146
PAY_5147,ORD_1147,19050.00,2026-02-13,CARD,SUCCESS,RZP_REF_1147
PAY_5148,ORD_1148,22846.00,2026-02-07,NETBANKING,SUCCESS,RZP_REF_1148
PAY_5149,ORD_1149,28007.00,2026-02-14,NETBANKING,SUCCESS, RZP REF 1149 
PAY_5150,ORD_1150,13255.00,2026-01-25,WALLET,SUCCESS,RZP_REF_1150
PAY_5151,ORD_1151,15745.00,2026-01-25,NETBANKING,SUCCESS,REF1151
PAY_5152,ORD_1152,46027.00,2026-01-19,UPI,SUCCESS,RZP_REF_1152
PAY_5153,ORD_1153,730.00,2026-02-06,UPI,SUCCESS,RZP_REF_1153
PAY_5154,ORD_1154,15281.00,2026-02-08,NETBANKING,SUCCESS,RZP_REF_1154
PAY_5155,ORD_1155,41921.00,2026-01-13,NETBANKING,SUCCESS,RZP_REF_1155
PAY_5156,ORD_1156,49717.00,2026-02-16,CARD,SUCCESS,RZP_REF_1156
PAY_5157,ORD_1157,6567.00,2026-02-27,UPI,SUCCESS,RZP_REF_1157
PAY_5158,ORD_1158,29089.00,2026-01-03,NETBANKING,SUCCESS,RZP_REF_1158
PAY_5159,ORD_1159,19540.00,2026-01-21,WALLET,SUCCESS,RZP_REF_1159
PAY_5160,ORD_1160,8861.00,2026-02-20,NETBANKING,SUCCESS,RZP_REF_1160
PAY_5161,ORD_1161,17040.00,2026-02-28,WALLET,SUCCESS,RZP_REF_1161
PAY_5162,ORD_1162,22398.00,2026-02-21,UPI,SUCCESS, RZP REF 1162 
PAY_5163,ORD_1163,9424.00,2026-02-18,CARD,SUCCESS,RZP_REF_1163
PAY_5164,ORD_1164,47662.00,2026-02-13,WALLET,SUCCESS,RZP_REF_1164
PAY_5165,ORD_1165,24171.00,2026-01-06,WALLET,SUCCESS,RZP_REF_1165
PAY_5166,ORD_1166,17531.00,2026-02-04,UPI,SUCCESS,RZP_REF_1166
PAY_5167,ORD_1167,24355.00,2026-02-13,NETBANKING,SUCCESS,RZP_REF_1167
PAY_5168,ORD_1168,24544.00,2026-01-07,CARD,SUCCESS, RZP REF 1168 
PAY_5169,ORD_1169,40802.00,2026-02-26,NETBANKING,SUCCESS,RZP_REF_1169
PAY_5170,ORD_1170,4342.00,2026-02-10,WALLET,SUCCESS,RZP_REF_1170
PAY_5171,ORD_1171,26958.00,2026-01-08,CARD,SUCCESS,RZP_REF_1171
PAY_5172,ORD_1172,20146.00,2026-02-01,UPI,SUCCESS,RZP-REF-1172
PAY_5173,ORD_1173,35428.00,2026-01-09,WALLET,SUCCESS,RZP_REF_1173
PAY_5174,ORD_1174,44140.00,2026-03-02,WALLET,SUCCESS,RZP_REF_1174
PAY_5175,ORD_1175,43120.00,2026-01-07,WALLET,SUCCESS,RZP_REF_1175
PAY_5176,ORD_1176,2344.00,2026-02-14,NETBANKING,SUCCESS,RZP_REF_1176
PAY_5177,ORD_1177,29343.00,2026-03-02,CARD,SUCCESS,RZP_REF_1177
PAY_5178,ORD_1178,6711.00,2026-02-13,NETBANKING,SUCCESS,RZP_REF_1178
PAY_5179,ORD_1179,26292.00,2026-01-18,CARD,SUCCESS,RZP_REF_1179
PAY_5180,ORD_1180,6207.00,2026-02-12,CARD,SUCCESS,RZP_REF_1180
PAY_5181,ORD_1181,42109.00,2026-02-08,UPI,SUCCESS,RZP-REF-1181
PAY_5182,ORD_1182,16162.00,2026-01-09,CARD,SUCCESS,RZP_REF_1182
PAY_5183,ORD_1183,36520.00,2026-01-14,CARD,SUCCESS,RZP/REF/1183
PAY_5184,ORD_1184,9870.00,2026-02-20,UPI,SUCCESS,RZP_REF_1184
PAY_5185,ORD_1185,9682.00,2026-01-09,NETBANKING,SUCCESS,RZP_REF_1185
PAY_5186,ORD_1186,43523.00,2026-02-25,UPI,SUCCESS,RZP_REF_1186
PAY_5187,ORD_1187,23677.00,2026-02-20,CARD,SUCCESS,RZP_REF_1187
PAY_5188,ORD_1188,11619.00,2026-01-17,UPI,SUCCESS,RZP_REF_1188
PAY_5189,ORD_1189,48809.00,2026-01-27,UPI,SUCCESS,RZP_REF_1189
PAY_5190,ORD_1190,29578.00,2026-02-19,NETBANKING,SUCCESS,RZP_REF_1190
PAY_5191,ORD_1191,33219.00,2026-01-15,UPI,SUCCESS,RZP_REF_1191
PAY_5192,ORD_1192,43381.00,2026-02-03,NETBANKING,SUCCESS,RZP_REF_1192
PAY_5193,ORD_1193,42361.00,2026-01-02,UPI,SUCCESS,RZP_REF_1193
PAY_5194,ORD_1194,26520.00,2026-01-28,UPI,SUCCESS,RZP_REF_1194
PAY_5195,ORD_1195,46887.00,2026-02-28,WALLET,SUCCESS,RZP_REF_1195
PAY_5196,ORD_1196,21309.00,2026-02-08,CARD,SUCCESS,RZP-REF-1196
PAY_5197,ORD_1197,18223.00,2026-02-09,NETBANKING,SUCCESS,RZP_REF_1197
PAY_5198,ORD_1198,34970.00,2026-01-19,WALLET,SUCCESS,RZP_REF_1198
PAY_5199,ORD_1199,46191.00,2026-01-08,CARD,SUCCESS,RZP_REF_1199
PAY_5200,ORD_1200,15174.00,2026-01-27,NETBANKING,SUCCESS,RZP_REF_1200
PAY_5201,ORD_1201,27462.00,2026-02-16,UPI,SUCCESS,rzp_ref_1201
PAY_5202,ORD_1202,20681.00,2026-02-12,NETBANKING,SUCCESS,rzp_ref_1202
PAY_5203,ORD_1203,45211.00,2026-03-01,WALLET,SUCCESS,RZP_REF_1203
PAY_5204,ORD_1204,5794.00,2026-01-06,WALLET,SUCCESS,RZP_REF_1204
PAY_5205,ORD_1205,48997.00,2026-02-17,NETBANKING,SUCCESS,RZP/REF/1205
PAY_5206,ORD_1206,4130.00,2026-02-07,NETBANKING,SUCCESS,RZP_REF_1206
PAY_5207,ORD_1207,8210.00,2026-01-27,NETBANKING,SUCCESS,RZP_REF_1207
PAY_5208,ORD_1208,3571.00,2026-01-19,NETBANKING,SUCCESS,RZP_REF_1208
PAY_5209,ORD_1209,38074.00,2026-02-02,CARD,SUCCESS,RZP/REF/1209
PAY_5210,ORD_1210,31800.00,2026-01-15,UPI,SUCCESS,RZP_REF_1210
PAY_5211,ORD_1211,24288.00,2026-01-08,NETBANKING,SUCCESS,RZP_REF_1211
PAY_5212,ORD_1212,36963.00,2026-02-19,UPI,SUCCESS,RZP_REF_1212
PAY_5213,ORD_1213,12023.00,2026-01-18,NETBANKING,SUCCESS,RZP_REF_1213
PAY_5214,ORD_1214,600.00,2026-01-12,CARD,SUCCESS,RZP_REF_1214
PAY_5215,ORD_1215,43279.00,2026-01-26,UPI,SUCCESS,RZP_REF_1215
PAY_5216,ORD_1216,48760.00,2026-02-10,UPI,SUCCESS,RZP_REF_1216
PAY_5217,ORD_1217,34965.00,2026-01-14,WALLET,SUCCESS, RZP REF 1217 
PAY_5218,ORD_1218,22540.00,2026-01-11,NETBANKING,SUCCESS,RZP_REF_1218
PAY_5219,ORD_1219,21458.00,2026-02-19,UPI,SUCCESS,RZP_REF_1219
PAY_5220,ORD_1220,10516.00,2026-02-18,UPI,SUCCESS,RZP_REF_1220
PAY_5221,ORD_1221,29239.00,2026-02-12,WALLET,SUCCESS, RZP REF 1221 
PAY_5222,ORD_1222,29169.00,2026-01-27,NETBANKING,SUCCESS,RZP_REF_1222
PAY_5223,ORD_1223,49675.00,2026-02-02,UPI,SUCCESS,RZP_REF_1223
PAY_5224,ORD_1224,7467.00,2026-01-19,WALLET,SUCCESS,RZP_REF_1224
PAY_5225,ORD_1225,14651.00,2026-01-26,UPI,SUCCESS,RZP_REF_1225
PAY_5226,ORD_1226,19953.00,2026-03-02,CARD,SUCCESS,RZP_REF_1226
PAY_5227,ORD_1227,9193.00,2026-02-18,NETBANKING,SUCCESS,RZP_REF_1227
PAY_5228,ORD_1228,8063.00,2026-01-01,WALLET,SUCCESS,RZP_REF_1228
PAY_5229,ORD_1229,28423.00,2026-01-12,CARD,SUCCESS,RZP_REF_1229
PAY_5230,ORD_1230,46315.00,2026-01-15,NETBANKING,SUCCESS,RZP_REF_1230
PAY_5231,ORD_1231,26222.00,2026-02-25,UPI,SUCCESS,RZP_REF_1231
PAY_5232,ORD_1232,1428.00,2026-01-30,UPI,SUCCESS,RZP_REF_1232
PAY_5233,ORD_1233,28333.00,2026-02-06,WALLET,SUCCESS, RZP REF 1233 
PAY_5234,ORD_1234,7748.00,2026-01-26,UPI,SUCCESS,RZP_REF_1234
PAY_5235,ORD_1235,40709.00,2026-01-30,NETBANKING,SUCCESS,RZP_REF_1235
PAY_5236,ORD_1236,7137.00,2026-01-16,WALLET,SUCCESS,RZP_REF_1236
PAY_5237,ORD_1237,5354.00,2026-01-26,NETBANKING,SUCCESS,RZP_REF_1237
PAY_5238,ORD_1238,22027.00,2026-02-19,CARD,SUCCESS,RZP_REF_1238
PAY_5239,ORD_1239,33655.00,2026-02-10,UPI,SUCCESS,RZP_REF_1239
PAY_5240,ORD_1240,23096.00,2026-01-23,CARD,SUCCESS,RZP/REF/1240
PAY_5241,ORD_1241,9797.00,2026-01-17,CARD,SUCCESS,RZP_REF_1241
PAY_5242,ORD_1242,10218.00,2026-02-18,UPI,SUCCESS,RZP_REF_1242
PAY_5243,ORD_1243,41353.00,2026-02-01,WALLET,SUCCESS,RZP_REF_1243
PAY_5244,ORD_1244,37194.00,2026-02-11,NETBANKING,SUCCESS,rzp_ref_1244
PAY_5245,ORD_1245,29020.00,2026-01-05,WALLET,SUCCESS, RZP REF 1245 
PAY_5246,ORD_1246,20045.00,2026-02-20,NETBANKING,SUCCESS,REF1246
PAY_5247,ORD_1247,23264.00,2026-02-02,UPI,SUCCESS,RZP_REF_1247
PAY_5248,ORD_1248,29816.00,2026-01-03,UPI,SUCCESS,RZP_REF_1248
PAY_5249,ORD_1249,19013.00,2026-01-05,UPI,SUCCESS,RZP_REF_1249
PAY_5250,ORD_1250,38232.00,2026-02-05,UPI,SUCCESS,RZP_REF_1250
PAY_5251,ORD_1251,42918.00,2026-01-13,NETBANKING,SUCCESS,REF1251
PAY_5252,ORD_1252,33057.00,2026-01-10,UPI,SUCCESS,RZP_REF_1252
PAY_5253,ORD_1253,22707.00,2026-02-15,UPI,SUCCESS,RZP_REF_1253
PAY_5254,ORD_1254,42544.00,2026-01-12,UPI,SUCCESS,RZP_REF_1254
PAY_5255,ORD_1255,46574.00,2026-01-29,WALLET,SUCCESS,RZP_REF_1255
PAY_5256,ORD_1256,34458.00,2026-02-09,CARD,SUCCESS,RZP_REF_1256
PAY_5257,ORD_1257,18739.00,2026-01-25,WALLET,SUCCESS,RZP_REF_1257
PAY_5258,ORD_1258,22375.00,2026-02-13,UPI,SUCCESS,RZP_REF_1258
PAY_5259,ORD_1259,21806.00,2026-01-07,WALLET,SUCCESS,RZP_REF_1259
PAY_5260,ORD_1260,47630.00,2026-02-24,CARD,SUCCESS,rzp_ref_1260
PAY_5261,ORD_1261,38390.00,2026-02-12,CARD,SUCCESS,RZP_REF_1261
PAY_5262,ORD_1262,43195.00,2026-02-14,WALLET,SUCCESS,RZP_REF_1262
PAY_5263,ORD_1263,46654.00,2026-03-02,UPI,SUCCESS,RZP_REF_1263
PAY_5264,ORD_1264,24886.00,2026-02-11,NETBANKING,SUCCESS,RZP/REF/1264
PAY_5265,ORD_1265,46260.00,2026-02-23,UPI,SUCCESS,RZP_REF_1265
PAY_5266,ORD_1266,23912.00,2026-01-02,NETBANKING,SUCCESS,RZP_REF_1266
PAY_5267,ORD_1267,14237.00,2026-01-22,WALLET,SUCCESS,RZP_REF_1267
PAY_5268,ORD_1268,15046.00,2026-01-09,CARD,SUCCESS,RZP_REF_1268
PAY_5269,ORD_1269,6828.00,2026-02-02,UPI,SUCCESS,RZP_REF_1269
PAY_5270,ORD_1270,40703.00,2026-01-09,WALLET,SUCCESS,RZP_REF_1270
PAY_5271,ORD_1271,12051.00,2026-02-23,CARD,SUCCESS,RZP_REF_1271
PAY_5272,ORD_1272,27126.00,2026-01-24,CARD,SUCCESS,RZP_REF_1272
PAY_5273,ORD_1273,40215.00,2026-01-19,WALLET,SUCCESS,RZP_REF_1273
PAY_5274,ORD_1274,15874.00,2026-01-20,WALLET,SUCCESS,RZP_REF_1274
PAY_5275,ORD_1275,44653.00,2026-03-02,WALLET,SUCCESS,RZP_REF_1275
PAY_5276,ORD_1276,18666.00,2026-02-19,WALLET,SUCCESS,REF1276
PAY_5277,ORD_1277,27637.00,2026-01-11,CARD,SUCCESS,REF1277
PAY_5278,ORD_1278,16584.00,2026-01-04,WALLET,SUCCESS,rzp_ref_1278
PAY_5279,ORD_1279,6923.00,2026-02-15,UPI,SUCCESS,RZP_REF_1279
PAY_5280,ORD_1280,5696.00,2026-02-18,CARD,SUCCESS,RZP_REF_1280
PAY_5281,ORD_1281,33843.00,2026-01-10,WALLET,SUCCESS,RZP_REF_1281
PAY_5282,ORD_1282,29765.00,2026-02-26,NETBANKING,SUCCESS,RZP_REF_1282
PAY_5283,ORD_1283,3690.00,2026-01-26,NETBANKING,SUCCESS,RZP_REF_1283
PAY_5284,ORD_1284,25507.00,2026-01-06,NETBANKING,SUCCESS,RZP_REF_1284
PAY_5285,ORD_1285,21085.00,2026-03-01,UPI,SUCCESS,RZP_REF_1285
PAY_5286,ORD_1286,42795.00,2026-01-22,CARD,SUCCESS,RZP_REF_1286
PAY_5287,ORD_1287,2710.00,2026-01-19,WALLET,SUCCESS,RZP_REF_1287
PAY_5288,ORD_1288,46438.00,2026-01-31,WALLET,SUCCESS,RZP_REF_1288
PAY_5289,ORD_1289,1445.00,2026-01-17,CARD,SUCCESS,RZP_REF_1289
PAY_5290,ORD_1290,36166.00,2026-03-02,WALLET,SUCCESS,RZP-REF-1290
PAY_5291,ORD_1291,19081.00,2026-01-16,NETBANKING,SUCCESS,RZP_REF_1291
PAY_5292,ORD_1292,15826.00,2026-01-27,WALLET,SUCCESS,RZP_REF_1292
PAY_5293,ORD_1293,32956.00,2026-02-08,UPI,SUCCESS,REF1293
PAY_5294,ORD_1294,16055.00,2026-02-15,CARD,SUCCESS,RZP_REF_1294
PAY_5295,ORD_1295,302.00,2026-02-09,NETBANKING,SUCCESS,RZP/REF/1295
PAY_5296,ORD_1296,27500.00,2026-01-12,UPI,SUCCESS,RZP_REF_1296
PAY_5297,ORD_1297,34675.00,2026-02-04,UPI,SUCCESS,RZP_REF_1297
PAY_5298,ORD_1298,3053.00,2026-02-10,WALLET,SUCCESS,RZP_REF_1298
PAY_5299,ORD_1299,49176.00,2026-01-02,NETBANKING,SUCCESS,RZP_REF_1299
PAY_5300,ORD_1300,16002.00,2026-02-16,UPI,SUCCESS,RZP_REF_1300
PAY_5301,ORD_1301,3105.00,2026-01-23,NETBANKING,SUCCESS,RZP_REF_1301
PAY_5302,ORD_1302,45071.00,2026-01-30,WALLET,SUCCESS,RZP_REF_1302
PAY_5303,ORD_1303,4335.00,2026-02-15,WALLET,SUCCESS,RZP_REF_1303
PAY_5304,ORD_1304,13411.00,2026-01-03,CARD,SUCCESS,RZP_REF_1304
PAY_5305,ORD_1305,20882.00,2026-03-01,NETBANKING,SUCCESS,RZP_REF_1305
PAY_5306,ORD_1306,31224.00,2026-01-17,UPI,SUCCESS,RZP/REF/1306
PAY_5307,ORD_1307,23594.00,2026-02-25,UPI,SUCCESS,RZP_REF_1307
PAY_5308,ORD_1308,8357.00,2026-02-21,NETBANKING,SUCCESS,RZP_REF_1308
PAY_5309,ORD_1309,26415.00,2026-02-17,WALLET,SUCCESS,RZP_REF_1309
PAY_5310,ORD_1310,12443.00,2026-02-01,WALLET,SUCCESS,rzp_ref_1310
PAY_5311,ORD_1311,17679.00,2026-02-21,UPI,SUCCESS,RZP_REF_1311
PAY_5312,ORD_1312,28020.00,2026-01-06,WALLET,SUCCESS,RZP_REF_1312
PAY_5313,ORD_1313,19452.00,2026-01-21,UPI,SUCCESS,RZP_REF_1313
PAY_5314,ORD_1314,43514.00,2026-01-19,NETBANKING,SUCCESS,RZP_REF_1314
PAY_5315,ORD_1315,39693.00,2026-02-15,WALLET,SUCCESS,RZP_REF_1315
PAY_5316,ORD_1316,45404.00,2026-01-29,NETBANKING,SUCCESS,RZP_REF_1316
PAY_5317,ORD_1317,47832.00,2026-02-25,NETBANKING,SUCCESS,RZP_REF_1317
PAY_5318,ORD_1318,28704.00,2026-01-18,UPI,SUCCESS,RZP_REF_1318
PAY_5319,ORD_1319,41980.00,2026-01-26,NETBANKING,SUCCESS,RZP_REF_1319
PAY_5320,ORD_1320,9557.00,2026-02-24,WALLET,SUCCESS,RZP-REF-1320
PAY_5321,ORD_1321,4606.00,2026-01-16,NETBANKING,SUCCESS,RZP_REF_1321
PAY_5322,ORD_1322,37374.00,2026-01-03,CARD,SUCCESS, RZP REF 1322 
PAY_5323,ORD_1323,24580.00,2026-01-29,UPI,SUCCESS,RZP_REF_1323
PAY_5324,ORD_1324,24248.00,2026-01-26,NETBANKING,SUCCESS,RZP_REF_1324
PAY_5325,ORD_1325,7634.00,2026-01-02,CARD,SUCCESS,RZP_REF_1325
PAY_5326,ORD_1326,34130.00,2026-01-25,UPI,SUCCESS,RZP_REF_1326
PAY_5327,ORD_1327,17258.00,2026-02-15,WALLET,SUCCESS,RZP/REF/1327
PAY_5328,ORD_1328,18915.00,2026-02-14,WALLET,SUCCESS,RZP_REF_1328
PAY_5329,ORD_1329,9095.00,2026-02-24,UPI,SUCCESS,RZP_REF_1329
PAY_5330,ORD_1330,11515.00,2026-02-27,WALLET,SUCCESS,RZP_REF_1330
PAY_5331,ORD_1331,44890.00,2026-02-24,NETBANKING,SUCCESS,RZP_REF_1331
PAY_5332,ORD_1332,22968.00,2026-02-15,UPI,SUCCESS,RZP_REF_1332
PAY_5333,ORD_1333,10522.00,2026-02-15,CARD,SUCCESS,RZP_REF_1333
PAY_5334,ORD_1334,14895.00,2026-01-08,CARD,SUCCESS,RZP_REF_1334
PAY_5335,ORD_1335,32576.00,2026-01-02,NETBANKING,SUCCESS,RZP_REF_1335
PAY_5336,ORD_1336,36352.00,2026-01-09,UPI,SUCCESS,RZP_REF_1336
PAY_5337,ORD_1337,20469.00,2026-01-26,WALLET,SUCCESS,RZP_REF_1337
PAY_5338,ORD_1338,27032.00,2026-02-22,UPI,SUCCESS,RZP/REF/1338
PAY_5339,ORD_1339,42296.00,2026-01-05,WALLET,SUCCESS, RZP REF 1339 
PAY_5340,ORD_1340,34105.00,2026-01-23,CARD,SUCCESS,RZP_REF_1340
PAY_5341,ORD_1341,8656.00,2026-01-28,UPI,SUCCESS,RZP_REF_1341
PAY_5342,ORD_1342,10228.00,2026-01-20,CARD,SUCCESS,RZP_REF_1342
PAY_5343,ORD_1343,46686.00,2026-01-15,NETBANKING,SUCCESS,RZP_REF_1343
PAY_5344,ORD_1344,16623.00,2026-01-13,NETBANKING,SUCCESS,RZP_REF_1344
PAY_5345,ORD_1345,41161.00,2026-01-20,UPI,SUCCESS,RZP_REF_1345
PAY_5346,ORD_1346,42207.00,2026-01-11,CARD,SUCCESS,RZP_REF_1346
PAY_5347,ORD_1347,43370.00,2026-02-09,NETBANKING,SUCCESS,RZP_REF_1347
PAY_5348,ORD_1348,5523.00,2026-01-03,NETBANKING,SUCCESS,RZP_REF_1348
PAY_5349,ORD_1349,37695.00,2026-01-27,UPI,SUCCESS,RZP_REF_1349
PAY_5350,ORD_1350,35954.00,2026-01-19,NETBANKING,SUCCESS,RZP_REF_1350
PAY_5351,ORD_1351,45091.00,2026-01-26,NETBANKING,SUCCESS,RZP_REF_1351
PAY_5352,ORD_1352,45328.00,2026-01-04,CARD,SUCCESS, RZP REF 1352 
PAY_5353,ORD_1353,31935.00,2026-01-30,CARD,SUCCESS,rzp_ref_1353
PAY_5354,ORD_1354,9615.00,2026-01-21,NETBANKING,SUCCESS,RZP_REF_1354
PAY_5355,ORD_1355,8769.00,2026-02-18,NETBANKING,SUCCESS,RZP_REF_1355
PAY_5356,ORD_1356,16042.00,2026-01-30,UPI,SUCCESS,RZP_REF_1356
PAY_5357,ORD_1357,16447.00,2026-01-10,UPI,SUCCESS,RZP-REF-1357
PAY_5358,ORD_1358,25375.00,2026-02-25,WALLET,SUCCESS,RZP_REF_1358
PAY_5359,ORD_1359,10666.00,2026-02-22,NETBANKING,SUCCESS,REF1359
PAY_5360,ORD_1360,20694.00,2026-01-13,CARD,SUCCESS,RZP_REF_1360
PAY_5361,ORD_1361,33933.00,2026-01-30,WALLET,SUCCESS,RZP_REF_1361
PAY_5362,ORD_1362,1718.00,2026-01-06,WALLET,SUCCESS,RZP_REF_1362
PAY_5363,ORD_1363,30165.00,2026-01-16,CARD,SUCCESS,RZP_REF_1363
PAY_5364,ORD_1364,23327.00,2026-01-04,UPI,SUCCESS,RZP_REF_1364
PAY_5365,ORD_1365,39358.00,2026-02-26,WALLET,SUCCESS,RZP_REF_1365
PAY_5366,ORD_1366,35372.00,2026-01-01,UPI,SUCCESS,RZP_REF_1366
PAY_5367,ORD_1367,17532.00,2026-02-16,NETBANKING,SUCCESS,RZP_REF_1367
PAY_5368,ORD_1368,3165.00,2026-01-26,UPI,SUCCESS,REF1368
PAY_5369,ORD_1369,12956.00,2026-01-24,NETBANKING,SUCCESS,RZP_REF_1369
PAY_5370,ORD_1370,25519.00,2026-02-02,WALLET,SUCCESS,REF1370
PAY_5371,ORD_1371,41044.00,2026-02-13,UPI,SUCCESS,RZP/REF/1371
PAY_5372,ORD_1372,26014.00,2026-01-24,NETBANKING,SUCCESS,RZP_REF_1372
PAY_5373,ORD_1373,24160.00,2026-02-18,CARD,SUCCESS,RZP_REF_1373
PAY_5374,ORD_1374,33565.00,2026-01-26,UPI,SUCCESS,RZP_REF_1374
PAY_5375,ORD_1375,9180.00,2026-02-15,NETBANKING,SUCCESS,RZP_REF_1375
PAY_5376,ORD_1376,30149.00,2026-01-10,CARD,SUCCESS,RZP_REF_1376
PAY_5377,ORD_1377,40378.00,2026-01-21,CARD,SUCCESS,RZP_REF_1377
PAY_5378,ORD_1378,48652.00,2026-02-23,NETBANKING,SUCCESS,RZP_REF_1378
PAY_5379,ORD_1379,33604.00,2026-02-04,WALLET,SUCCESS,RZP_REF_1379
PAY_5380,ORD_1380,1290.00,2026-01-24,NETBANKING,SUCCESS,RZP-REF-1380
PAY_5381,ORD_1381,38453.00,2026-01-20,UPI,SUCCESS,RZP_REF_1381
PAY_5382,ORD_1382,43164.00,2026-02-20,CARD,SUCCESS,RZP_REF_1382
PAY_5383,ORD_1383,3565.00,2026-02-07,WALLET,SUCCESS,RZP_REF_1383
PAY_5384,ORD_1384,41423.00,2026-02-16,WALLET,SUCCESS,RZP_REF_1384
PAY_5385,ORD_1385,16072.00,2026-01-03,UPI,SUCCESS,RZP_REF_1385
PAY_5386,ORD_1386,29103.00,2026-01-21,WALLET,SUCCESS,RZP_REF_1386
PAY_5387,ORD_1387,45452.00,2026-01-14,WALLET,SUCCESS,RZP_REF_1387
PAY_5388,ORD_1388,40273.00,2026-02-28,WALLET,SUCCESS,RZP_REF_1388
PAY_5389,ORD_1389,47871.00,2026-01-04,CARD,SUCCESS,RZP_REF_1389
PAY_5390,ORD_1390,21502.00,2026-02-12,WALLET,SUCCESS,RZP_REF_1390
PAY_5391,ORD_1391,24895.00,2026-01-21,CARD,SUCCESS,RZP_REF_1391
PAY_5392,ORD_1392,22634.00,2026-02-04,NETBANKING,SUCCESS,RZP_REF_1392
PAY_5393,ORD_1393,47446.00,2026-02-13,NETBANKING,SUCCESS,REF1393
PAY_5394,ORD_1394,12800.00,2026-01-16,NETBANKING,SUCCESS,RZP_REF_1394
PAY_5395,ORD_1395,19704.00,2026-02-19,NETBANKING,SUCCESS,RZP_REF_1395
PAY_5396,ORD_1396,13784.00,2026-02-14,WALLET,SUCCESS,RZP_REF_1396
PAY_5397,ORD_1397,23059.00,2026-02-05,NETBANKING,SUCCESS,rzp_ref_1397
PAY_5398,ORD_1398,37783.00,2026-02-13,WALLET,SUCCESS,RZP_REF_1398
PAY_5399,ORD_1399,9799.00,2026-01-19,UPI,SUCCESS,RZP_REF_1399
PAY_5400,ORD_1400,5379.00,2026-01-23,WALLET,SUCCESS,RZP_REF_1400
PAY_5401,ORD_1401,17006.00,2026-02-17,WALLET,SUCCESS,RZP_REF_1401
PAY_5402,ORD_1402,35496.00,2026-01-18,NETBANKING,SUCCESS,RZP_REF_1402
PAY_5403,ORD_1403,7358.00,2026-02-09,CARD,SUCCESS,RZP_REF_1403
PAY_5404,ORD_1404,3526.00,2026-02-12,CARD,SUCCESS,RZP_REF_1404
PAY_5405,ORD_1405,15459.00,2026-01-04,UPI,SUCCESS,RZP_REF_1405
PAY_5406,ORD_1406,47212.00,2026-01-31,UPI,SUCCESS,RZP_REF_1406
PAY_5407,ORD_1407,9209.00,2026-01-01,CARD,SUCCESS,RZP_REF_1407
PAY_5408,ORD_1408,31375.00,2026-01-31,CARD,SUCCESS,RZP_REF_1408
PAY_5409,ORD_1409,18904.00,2026-02-11,UPI,SUCCESS,RZP_REF_1409
PAY_5410,ORD_1410,37826.00,2026-01-15,UPI,SUCCESS,RZP_REF_1410
PAY_5411,ORD_1411,11720.00,2026-03-01,UPI,SUCCESS,RZP_REF_1411
PAY_5412,ORD_1412,12410.00,2026-03-01,NETBANKING,SUCCESS,RZP_REF_1412
PAY_5413,ORD_1413,807.00,2026-01-20,UPI,SUCCESS,rzp_ref_1413
PAY_5414,ORD_1414,29976.00,2026-02-11,WALLET,SUCCESS,RZP_REF_1414
PAY_5415,ORD_1415,33244.00,2026-01-30,NETBANKING,SUCCESS,RZP_REF_1415
PAY_5416,ORD_1416,21871.00,2026-01-11,WALLET,SUCCESS,RZP_REF_1416
PAY_5417,ORD_1417,12402.00,2026-01-01,NETBANKING,SUCCESS,RZP_REF_1417
PAY_5418,ORD_1418,37410.00,2026-02-13,CARD,SUCCESS,RZP_REF_1418
PAY_5419,ORD_1419,42059.00,2026-02-27,WALLET,SUCCESS,RZP_REF_1419
PAY_5420,ORD_1420,21691.00,2026-01-06,WALLET,SUCCESS,RZP_REF_1420
PAY_5421,ORD_1421,9415.00,2026-01-31,NETBANKING,SUCCESS,RZP_REF_1421
PAY_5422,ORD_1422,17290.00,2026-01-25,CARD,SUCCESS,RZP_REF_1422
PAY_5423,ORD_1423,49598.00,2026-01-18,NETBANKING,SUCCESS,RZP_REF_1423
PAY_5424,ORD_1424,47574.00,2026-02-06,UPI,SUCCESS,RZP_REF_1424
PAY_5425,ORD_1425,23763.00,2026-02-14,CARD,SUCCESS,RZP_REF_1425
PAY_5426,ORD_1426,7947.00,2026-01-30,NETBANKING,SUCCESS,RZP_REF_1426
PAY_5427,ORD_1427,45162.00,2026-02-02,NETBANKING,SUCCESS,RZP_REF_1427
PAY_5428,ORD_1428,7894.00,2026-02-10,NETBANKING,SUCCESS,RZP_REF_1428
PAY_5429,ORD_1429,14673.00,2026-01-15,CARD,SUCCESS,RZP_REF_1429
PAY_5430,ORD_1430,10239.00,2026-01-30,NETBANKING,SUCCESS,RZP_REF_1430
PAY_5431,ORD_1431,46202.00,2026-02-05,WALLET,SUCCESS,RZP_REF_1431
PAY_5432,ORD_1432,16417.00,2026-02-13,UPI,SUCCESS,RZP_REF_1432
PAY_5433,ORD_1433,46322.00,2026-01-24,UPI,SUCCESS,RZP_REF_1433
PAY_5434,ORD_1434,7553.00,2026-01-04,CARD,SUCCESS,RZP_REF_1434
PAY_5435,ORD_1435,21703.00,2026-02-24,WALLET,SUCCESS,RZP_REF_1435
PAY_5436,ORD_1436,13661.00,2026-02-15,WALLET,SUCCESS,RZP_REF_1436
PAY_5437,ORD_1437,29395.00,2026-02-21,UPI,SUCCESS, RZP REF 1437 
PAY_5438,ORD_1438,33836.00,2026-01-27,WALLET,SUCCESS,REF1438
PAY_5439,ORD_1439,36821.00,2026-01-30,NETBANKING,SUCCESS,RZP_REF_1439
PAY_5440,ORD_1440,16876.00,2026-02-22,UPI,SUCCESS,RZP_REF_1440
PAY_5441,ORD_1441,4986.00,2026-01-03,WALLET,SUCCESS,RZP_REF_1441
PAY_5442,ORD_1442,4378.00,2026-02-04,UPI,SUCCESS,RZP_REF_1442
PAY_5443,ORD_1443,2279.00,2026-01-19,WALLET,SUCCESS,RZP_REF_1443
PAY_5444,ORD_1444,9075.00,2026-02-19,WALLET,SUCCESS,RZP_REF_1444
PAY_5445,ORD_1445,29595.00,2026-02-25,WALLET,SUCCESS,RZP_REF_1445
PAY_5446,ORD_1446,44943.00,2026-02-12,CARD,SUCCESS,RZP_REF_1446
PAY_5447,ORD_1447,11896.00,2026-02-04,WALLET,SUCCESS,RZP_REF_1447
PAY_5448,ORD_1448,14794.00,2026-02-23,UPI,SUCCESS,RZP_REF_1448
PAY_5449,ORD_1449,30543.00,2026-02-13,WALLET,SUCCESS,RZP_REF_1449
PAY_5450,ORD_1450,25056.00,2026-02-22,CARD,SUCCESS,RZP_REF_1450
PAY_5451,ORD_1451,30387.00,2026-01-23,CARD,SUCCESS,RZP_REF_1451
PAY_5452,ORD_1452,47715.00,2026-02-18,UPI,SUCCESS,RZP_REF_1452
PAY_5453,ORD_1453,27675.00,2026-02-09,UPI,SUCCESS,RZP_REF_1453
PAY_5454,ORD_1454,4609.00,2026-01-07,UPI,SUCCESS,RZP_REF_1454
PAY_5455,ORD_1455,44241.00,2026-02-15,UPI,SUCCESS,RZP_REF_1455
PAY_5456,ORD_1456,48732.00,2026-01-03,WALLET,SUCCESS,RZP_REF_1456
PAY_5457,ORD_1457,35573.00,2026-01-14,UPI,SUCCESS,RZP_REF_1457
PAY_5458,ORD_1458,33223.00,2026-01-19,CARD,SUCCESS,RZP_REF_1458
PAY_5459,ORD_1459,39385.00,2026-02-19,NETBANKING,SUCCESS,RZP_REF_1459
PAY_5460,ORD_1460,9588.00,2026-02-12,CARD,SUCCESS,RZP_REF_1460
PAY_5461,ORD_1461,18232.00,2026-01-04,CARD,SUCCESS,RZP_REF_1461
PAY_5462,ORD_1462,32681.00,2026-01-04,NETBANKING,SUCCESS,RZP_REF_1462
PAY_5463,ORD_1463,21088.00,2026-02-14,WALLET,SUCCESS,RZP_REF_1463
PAY_5464,ORD_1464,19853.00,2026-01-25,CARD,SUCCESS,RZP_REF_1464
PAY_5465,ORD_1465,14968.00,2026-01-20,CARD,SUCCESS,RZP_REF_1465
PAY_5466,ORD_1466,37056.00,2026-01-27,WALLET,SUCCESS,RZP_REF_1466
PAY_5467,ORD_1467,34933.00,2026-01-09,WALLET,SUCCESS,RZP/REF/1467
PAY_5468,ORD_1468,13525.00,2026-01-22,UPI,SUCCESS,RZP_REF_1468
PAY_5469,ORD_1469,6259.00,2026-02-04,CARD,SUCCESS,RZP-REF-1469
PAY_5470,ORD_1470,24918.00,2026-02-13,UPI,SUCCESS,RZP_REF_1470
PAY_5471,ORD_1471,12531.00,2026-02-21,CARD,SUCCESS,RZP_REF_1471
PAY_5472,ORD_1472,22021.00,2026-01-20,UPI,SUCCESS,RZP_REF_1472
PAY_5473,ORD_1473,12653.00,2026-02-17,UPI,SUCCESS,RZP_REF_1473
PAY_5474,ORD_1474,45788.00,2026-02-08,CARD,SUCCESS,RZP_REF_1474
PAY_5475,ORD_1475,36381.00,2026-01-21,NETBANKING,SUCCESS,RZP_REF_1475
PAY_5476,ORD_1476,30756.00,2026-02-04,NETBANKING,SUCCESS,RZP_REF_1476
PAY_5477,ORD_1477,23769.00,2026-02-02,WALLET,SUCCESS,RZP_REF_1477
PAY_5478,ORD_1478,6662.00,2026-02-21,WALLET,SUCCESS,rzp_ref_1478
PAY_5479,ORD_1479,24494.00,2026-01-21,WALLET,SUCCESS,RZP_REF_1479
PAY_5480,ORD_1480,14701.00,2026-02-17,CARD,SUCCESS,RZP_REF_1480
PAY_5481,ORD_1481,36461.00,2026-03-01,WALLET,SUCCESS,RZP_REF_1481
PAY_5482,ORD_1482,13057.00,2026-01-22,CARD,SUCCESS,RZP_REF_1482
PAY_5483,ORD_1483,16304.00,2026-02-01,NETBANKING,SUCCESS,RZP_REF_1483
PAY_5484,ORD_1484,32222.00,2026-02-16,WALLET,SUCCESS, RZP REF 1484 
PAY_5485,ORD_1485,48222.00,2026-02-20,NETBANKING,SUCCESS,RZP_REF_1485
PAY_5486,ORD_1486,9372.00,2026-02-16,WALLET,SUCCESS,RZP_REF_1486
PAY_5487,ORD_1487,42261.00,2026-01-04,UPI,SUCCESS,RZP_REF_1487
PAY_5488,ORD_1488,43992.00,2026-01-04,UPI,SUCCESS,RZP_REF_1488
PAY_5489,ORD_1489,9210.00,2026-02-23,CARD,SUCCESS,RZP_REF_1489
PAY_5490,ORD_1490,46545.00,2026-01-10,UPI,SUCCESS,RZP_REF_1490
PAY_5491,ORD_1491,33343.00,2026-01-30,NETBANKING,SUCCESS,RZP_REF_1491
PAY_5492,ORD_1492,41994.00,2026-02-12,WALLET,SUCCESS,RZP_REF_1492
PAY_5493,ORD_1493,633.00,2026-02-04,WALLET,SUCCESS,RZP_REF_1493
PAY_5494,ORD_1494,34895.00,2026-02-16,NETBANKING,SUCCESS,RZP_REF_1494
PAY_5495,ORD_1495,33113.00,2026-02-22,WALLET,SUCCESS,RZP_REF_1495
PAY_5496,ORD_1496,6512.00,2026-02-03,CARD,SUCCESS,RZP_REF_1496
PAY_5497,ORD_1497,40817.00,2026-02-03,NETBANKING,SUCCESS,RZP_REF_1497
PAY_5498,ORD_1498,26211.00,2026-01-06,NETBANKING,SUCCESS,RZP_REF_1498
PAY_5499,ORD_1499,37227.00,2026-01-16,CARD,SUCCESS,RZP_REF_1499
PAY_5500,ORD_1500,5483.00,2026-02-11,UPI,SUCCESS,RZP_REF_1500
