settlement_id,payment_reference,gross_amount,fee,refund,net_amount,settlement_date,status
SET_9001,RZP_REF_1001,7304.00,0.00,0.00,7304.00,2026-02-09,SETTLED
SET_9002,RZP_REF_1002,20757.00,0.00,0.00,20757.00,2026-01-31,SETTLED
SET_9003,RZP_REF_1003,12657.00,0.00,0.00,12657.00,2026-01-18,SETTLED
SET_9004,RZP_REF_1004,34273.00,0.00,0.00,34273.00,2026-03-02,SETTLED
SET_9005,RZP_REF_1005,4785.00,0.00,0.00,4785.00,2026-03-03,SETTLED
SET_9006,RZP_REF_1006,8367.00,0.00,0.00,8367.00,2026-02-17,SETTLED
SET_9007,RZP_REF_1007,26964.00,485.35,0.00,26478.65,2026-01-22,SETTLED
SET_9008,RZPREF1008,19576.00,0.00,0.00,19576.00,2026-02-06,SETTLED
SET_9009,RZP_REF_1009,43776.00,0.00,0.00,43776.00,2026-03-02,SETTLED
SET_9010,RZP_REF_1010,37496.00,674.93,0.00,36821.07,2026-01-21,SETTLED
SET_9011,RZP_REF_1011,180.80,0.00,0.00,180.80,2026-01-21,PARTIAL_SETTLED
SET_9012,RZP_REF_1012,34388.10,0.00,0.00,34388.10,2026-02-09,PARTIAL_SETTLED
SET_9013,RZP_REF_1013,29177.00,0.00,0.00,29177.00,2026-02-14,SETTLED
SET_9014,RZP_REF_1014,11320.00,0.00,0.00,11320.00,2026-02-13,SETTLED
SET_9015,RZP_REF_1015,43706.00,0.00,0.00,43706.00,2026-02-11,SETTLED
SET_9016,RZP_REF_1015_DUP,43706.00,0.00,0.00,43706.00,2026-02-11,SETTLED
SET_9017,RZP_REF_1016,49426.00,0.00,0.00,49426.00,2026-01-16,SETTLED
SET_9018,RZP_REF_1017,9856.00,0.00,0.00,9856.00,2026-01-04,SETTLED
SET_9019,RZP_REF_1018,40260.00,0.00,0.00,40260.00,2026-02-25,SETTLED
SET_9020,RZP_REF_1019,41472.00,0.00,0.00,41472.00,2026-02-07,SETTLED
SET_9021,RZP_REF_1020,26391.00,0.00,0.00,26391.00,2026-01-17,SETTLED
SET_9022,RZP_REF_1021,5748.00,0.00,0.00,5748.00,2026-02-20,PARTIAL_SETTLED
SET_9023,RZP_REF_1022,45807.00,824.53,0.00,44982.47,2026-02-04,SETTLED
SET_9024,RZP_REF_1023,36730.00,661.14,0.00,36068.86,2026-01-17,SETTLED
SET_9025,RZP_REF_1024,8938.00,0.00,0.00,8938.00,2026-02-24,SETTLED
SET_9026,RZP_REF_1025,29204.00,0.00,0.00,29204.00,2026-02-10,SETTLED
SET_9027,RZP_REF_1027,17186.00,0.00,0.00,17186.00,2026-02-19,SETTLED
SET_9028,RZP_REF_1028,34363.00,0.00,0.00,34363.00,2026-02-02,SETTLED
SET_9029,RZPREF1029,5277.00,0.00,0.00,5277.00,2026-02-16,SETTLED
SET_9030,RZPREF1030,22210.00,0.00,0.00,22210.00,2026-01-22,SETTLED
SET_9031,RZP_REF_1031,15355.00,0.00,0.00,15355.00,2026-01-25,SETTLED
SET_9032,RZP_REF_1032,27388.00,0.00,0.00,27388.00,2026-01-28,SETTLED
SET_9033,RZP_REF_1033,4280.00,0.00,0.00,4280.00,2026-01-15,SETTLED
SET_9034,RZP_REF_1034,38478.00,0.00,0.00,38478.00,2026-03-03,SETTLED
SET_9035,RZP_REF_1035,586.00,8.79,0.00,577.21,2026-03-03,SETTLED
SET_9036,RZP_REF_1036,49579.00,0.00,0.00,49579.00,2026-01-25,SETTLED
SET_9037,RZP_REF_1037,13122.00,0.00,0.00,13122.00,2026-01-19,PARTIAL_SETTLED
SET_9038,RZP_REF_1038,25684.00,0.00,0.00,25684.00,2026-01-22,SETTLED
SET_9039,RZP_REF_1039,8564.00,0.00,0.00,8564.00,2026-02-10,SETTLED
SET_9040,RZP_REF_1040,37187.00,0.00,0.00,37187.00,2026-02-12,SETTLED
SET_9041,RZP_REF_1041,28289.00,0.00,0.00,28289.00,2026-01-11,SETTLED
SET_9042,RZPREF1042,17249.00,0.00,0.00,17249.00,2026-01-26,SETTLED
SET_9043,RZP_REF_1043,21620.00,0.00,0.00,21620.00,2026-01-23,SETTLED
SET_9044,RZP_REF_1044,27827.00,0.00,0.00,27827.00,2026-01-18,SETTLED
SET_9045,RZP_REF_1045,49288.00,0.00,0.00,49288.00,2026-02-07,SETTLED
SET_9046,RZP_REF_1046,42807.00,0.00,0.00,42807.00,2026-01-05,SETTLED
SET_9047,RZP_REF_1047,13265.00,0.00,0.00,13265.00,2026-02-23,SETTLED
SET_9048,RZP_REF_1048,8472.00,152.50,0.00,8319.50,2026-02-01,SETTLED
SET_9049,RZP_REF_1049,14484.00,0.00,0.00,14484.00,2026-01-31,SETTLED
SET_9050,RZP_REF_1050,39907.00,0.00,0.00,39907.00,2026-02-08,SETTLED
SET_9051,RZP_REF_1051,7284.00,0.00,0.00,7284.00,2026-02-08,SETTLED
SET_9052,RZP_REF_1052,44590.00,0.00,0.00,44590.00,2026-03-01,SETTLED
SET_9053,RZP_REF_1053,9237.90,0.00,0.00,9237.90,2026-01-06,PARTIAL_SETTLED
SET_9054,RZP_REF_1054,19964.00,359.35,0.00,19604.65,2026-02-25,SETTLED
SET_9055,RZP_REF_1055,2891.00,0.00,0.00,2891.00,2026-01-24,SETTLED
SET_9056,RZP_REF_1056,33358.00,0.00,0.00,33358.00,2026-02-11,SETTLED
SET_9057,RZP_REF_1057,32325.00,581.85,0.00,31743.15,2026-01-08,SETTLED
SET_9058,RZP_REF_1058,41853.00,0.00,0.00,41853.00,2026-02-27,SETTLED
SET_9059,RZP_REF_1059,11743.00,0.00,0.00,11743.00,2026-02-17,SETTLED
SET_9060,RZP_REF_1060,28745.00,0.00,0.00,28745.00,2026-02-25,SETTLED
SET_9061,RZP_REF_1061,5879.00,0.00,0.00,5879.00,2026-01-18,SETTLED
SET_9062,RZP_REF_1062,30655.00,0.00,0.00,30655.00,2026-02-09,SETTLED
SET_9063,RZP_REF_1063,32594.00,0.00,0.00,32594.00,2026-02-24,SETTLED
SET_9064,RZP_REF_1064,14101.00,0.00,0.00,14101.00,2026-01-24,SETTLED
SET_9065,RZP_REF_1065,39269.00,0.00,0.00,39269.00,2026-02-14,SETTLED
SET_9066,RZP_REF_1066,12721.00,0.00,0.00,12721.00,2026-01-07,SETTLED
SET_9067,RZP_REF_1067,36584.00,731.68,0.00,35852.32,2026-02-19,SETTLED
SET_9068,RZP_REF_1068,31401.00,0.00,0.00,31401.00,2026-02-12,SETTLED
SET_9069,RZP_REF_1069,6298.00,125.96,0.00,6172.04,2026-01-22,SETTLED
SET_9070,RZP_REF_1071,36472.00,0.00,0.00,36472.00,2026-02-04,SETTLED
SET_9071,RZP_REF_1073,29936.00,449.04,0.00,29486.96,2026-01-19,SETTLED
SET_9072,RZP_REF_1074,15308.00,306.16,0.00,15001.84,2026-01-09,SETTLED
SET_9073,RZP_REF_1075,6428.00,0.00,0.00,6428.00,2026-02-18,PARTIAL_SETTLED
SET_9074,RZP_REF_1076,41314.25,0.00,0.00,41314.25,2026-02-01,PARTIAL_SETTLED
SET_9075,RZP_REF_1077,12921.00,0.00,0.00,12921.00,2026-01-20,SETTLED
SET_9076,RZP_REF_1078,20009.00,400.18,0.00,19608.82,2026-01-02,SETTLED
SET_9077,RZPREF1079,3182.00,0.00,0.00,3182.00,2026-01-05,SETTLED
SET_9078,RZP_REF_1080,49534.00,0.00,0.00,49534.00,2026-02-01,SETTLED
SET_9079,RZP_REF_1081,18834.00,0.00,0.00,18834.00,2026-02-01,SETTLED
SET_9080,RZP_REF_1082,12282.00,0.00,0.00,12282.00,2026-01-05,SETTLED
SET_9081,RZP_REF_1083,3137.40,0.00,0.00,3137.40,2026-01-27,PARTIAL_SETTLED
SET_9082,RZPREF1084,41451.00,0.00,0.00,41451.00,2026-02-14,SETTLED
SET_9083,RZP_REF_1085,37086.00,0.00,0.00,37086.00,2026-03-04,SETTLED
SET_9084,RZP_REF_1086,6369.60,0.00,0.00,6369.60,2026-02-06,PARTIAL_SETTLED
SET_9085,RZP_REF_1087,34447.00,620.05,0.00,33826.95,2026-01-26,SETTLED
SET_9086,RZP_REF_1088,19687.00,0.00,0.00,19687.00,2026-02-26,SETTLED
SET_9087,RZP_REF_1089,32719.20,0.00,0.00,32719.20,2026-01-05,PARTIAL_SETTLED
SET_9088,RZP_REF_1090,14029.00,0.00,0.00,14029.00,2026-01-17,SETTLED
SET_9089,RZP_REF_1091,11591.00,0.00,0.00,11591.00,2026-02-05,SETTLED
SET_9090,RZP_REF_1092,26972.00,0.00,0.00,26972.00,2026-01-30,SETTLED
SET_9091,RZP_REF_1093,15370.00,0.00,0.00,15370.00,2026-01-20,SETTLED
SET_9092,RZP_REF_1094,45248.00,0.00,0.00,45248.00,2026-01-16,SETTLED
SET_9093,RZP_REF_1095,13164.00,0.00,0.00,13164.00,2026-01-28,SETTLED
SET_9094,RZP_REF_1096,9964.00,0.00,0.00,9964.00,2026-02-28,SETTLED
SET_9095,RZP_REF_1097,4108.00,0.00,0.00,4108.00,2026-01-12,SETTLED
SET_9096,RZP_REF_1098,7514.10,0.00,0.00,7514.10,2026-01-31,PARTIAL_SETTLED
SET_9097,RZP_REF_1099,32998.00,0.00,0.00,32998.00,2026-02-07,SETTLED
SET_9098,RZP_REF_1100,39392.00,0.00,0.00,39392.00,2026-01-04,SETTLED
SET_9099,RZPREF1101,16608.00,0.00,0.00,16608.00,2026-01-03,SETTLED
SET_9100,RZP_REF_1102,37896.00,0.00,0.00,37896.00,2026-02-10,SETTLED
SET_9101,RZP_REF_1103,2836.00,0.00,0.00,2836.00,2026-02-19,SETTLED
SET_9102,RZP_REF_1104,42897.00,0.00,0.00,42897.00,2026-01-31,SETTLED
SET_9103,RZP_REF_1105,28766.00,0.00,0.00,28766.00,2026-02-10,SETTLED
SET_9104,RZP_REF_1106,23003.00,345.05,0.00,22657.95,2026-01-28,SETTLED
SET_9105,RZP_REF_1107,44117.00,0.00,0.00,44117.00,2026-01-08,SETTLED
SET_9106,RZP_REF_1108,45660.00,0.00,0.00,45660.00,2026-02-04,SETTLED
SET_9107,RZP_REF_1109,36251.00,0.00,0.00,36251.00,2026-01-03,SETTLED
SET_9108,RZP_REF_1110,16741.00,301.34,0.00,16439.66,2026-01-22,SETTLED
SET_9109,RZP_REF_1111,26688.00,0.00,0.00,26688.00,2026-02-26,SETTLED
SET_9110,RZP_REF_1112,3752.00,0.00,0.00,3752.00,2026-01-16,SETTLED
SET_9111,RZP_REF_1113,29169.00,0.00,0.00,29169.00,2026-02-18,SETTLED
SET_9112,RZP_REF_1114,36193.00,0.00,0.00,36193.00,2026-01-10,SETTLED
SET_9113,RZP_REF_1115,31966.00,575.39,0.00,31390.61,2026-01-09,SETTLED
SET_9114,RZP_REF_1116,40103.00,0.00,0.00,40103.00,2026-02-22,SETTLED
SET_9115,RZP_REF_1116_DUP,40103.00,0.00,0.00,40103.00,2026-02-22,SETTLED
SET_9116,RZP_REF_1117,9521.10,0.00,0.00,9521.10,2026-01-21,PARTIAL_SETTLED
SET_9117,RZP_REF_1118,14925.00,0.00,0.00,14925.00,2026-02-24,SETTLED
SET_9118,RZP_REF_1119,42648.00,0.00,0.00,42648.00,2026-02-24,SETTLED
SET_9119,RZP_REF_1120,19327.00,0.00,0.00,19327.00,2026-02-03,SETTLED
SET_9120,RZP_REF_1121,31147.00,0.00,0.00,31147.00,2026-01-16,SETTLED
SET_9121,RZP_REF_1122,12691.00,0.00,0.00,12691.00,2026-03-01,SETTLED
SET_9122,RZP_REF_1123,27393.00,0.00,0.00,27393.00,2026-01-23,SETTLED
SET_9123,RZP_REF_1123_DUP,27393.00,0.00,0.00,27393.00,2026-01-23,SETTLED
SET_9124,RZP_REF_1124,18736.00,0.00,0.00,18736.00,2026-02-17,SETTLED
SET_9125,RZP_REF_1125,43449.00,0.00,0.00,43449.00,2026-02-02,SETTLED
SET_9126,RZP_REF_1126,28746.90,0.00,0.00,28746.90,2026-01-24,PARTIAL_SETTLED
SET_9127,RZP_REF_1127,21288.00,425.76,0.00,20862.24,2026-02-26,SETTLED
SET_9128,RZP_REF_1128,15850.00,0.00,0.00,15850.00,2026-02-06,SETTLED
SET_9129,RZP_REF_1129,27120.00,0.00,0.00,27120.00,2026-01-04,SETTLED
SET_9130,RZP_REF_1130,25184.00,503.68,0.00,24680.32,2026-01-26,SETTLED
SET_9131,RZP_REF_1131,2626.00,39.39,0.00,2586.61,2026-01-10,SETTLED
SET_9132,RZP_REF_1132,29055.00,0.00,0.00,29055.00,2026-01-07,SETTLED
SET_9133,RZP_REF_1133,9647.00,0.00,0.00,9647.00,2026-01-27,SETTLED
SET_9134,RZP_REF_1134,17568.00,0.00,0.00,17568.00,2026-01-23,SETTLED
SET_9135,RZP_REF_1134_DUP,17568.00,0.00,0.00,17568.00,2026-01-23,SETTLED
SET_9136,RZP_REF_1135,5463.00,0.00,0.00,5463.00,2026-02-25,SETTLED
SET_9137,RZP_REF_1136,20952.00,0.00,0.00,20952.00,2026-02-10,SETTLED
SET_9138,RZPREF1137,4684.00,0.00,0.00,4684.00,2026-01-17,SETTLED
SET_9139,RZP_REF_1138,6123.00,110.21,0.00,6012.79,2026-01-29,SETTLED
SET_9140,RZP_REF_1139,41733.00,0.00,0.00,41733.00,2026-02-18,SETTLED
SET_9141,RZP_REF_1141,21458.00,0.00,0.00,21458.00,2026-02-21,SETTLED
SET_9142,RZP_REF_1142,19812.00,0.00,0.00,19812.00,2026-01-29,PARTIAL_SETTLED
SET_9143,RZP_REF_1143,27204.00,0.00,0.00,27204.00,2026-02-06,SETTLED
SET_9144,RZP_REF_1144,5375.00,0.00,0.00,5375.00,2026-02-09,SETTLED
SET_9145,RZP_REF_1145,38417.00,0.00,0.00,38417.00,2026-01-11,SETTLED
SET_9146,RZP_REF_1146,16844.00,0.00,0.00,16844.00,2026-01-30,SETTLED
SET_9147,RZP_REF_1147,13335.00,0.00,0.00,13335.00,2026-02-14,PARTIAL_SETTLED
SET_9148,RZP_REF_1148,22846.00,342.69,0.00,22503.31,2026-02-08,SETTLED
SET_9149,RZP_REF_1149,28007.00,0.00,0.00,28007.00,2026-02-15,SETTLED
SET_9150,RZP_REF_1151,15745.00,0.00,0.00,15745.00,2026-01-26,SETTLED
SET_9151,RZP_REF_1152,46027.00,0.00,0.00,46027.00,2026-01-20,SETTLED
SET_9152,RZP_REF_1153,657.00,0.00,0.00,657.00,2026-02-07,PARTIAL_SETTLED
SET_9153,RZP_REF_1154,15281.00,229.22,0.00,15051.78,2026-02-09,SETTLED
SET_9154,RZP_REF_1155,41921.00,628.82,0.00,41292.18,2026-01-14,SETTLED
SET_9155,RZP_REF_1157,6567.00,118.21,0.00,6448.79,2026-02-28,SETTLED
SET_9156,RZP_REF_1158,29089.00,0.00,0.00,29089.00,2026-01-03,SETTLED
SET_9157,RZP_REF_1159,15632.00,0.00,0.00,15632.00,2026-01-22,PARTIAL_SETTLED
SET_9158,RZP_REF_1160,8861.00,0.00,0.00,8861.00,2026-02-21,SETTLED
SET_9159,RZP_REF_1161,17040.00,0.00,0.00,17040.00,2026-03-01,SETTLED
SET_9160,RZP_REF_1162,22398.00,0.00,0.00,22398.00,2026-02-22,SETTLED
SET_9161,RZP_REF_1163,9424.00,188.48,0.00,9235.52,2026-02-19,SETTLED
SET_9162,RZP_REF_1164,47662.00,857.92,0.00,46804.08,2026-02-14,SETTLED
SET_9163,RZP_REF_1165,24171.00,435.08,0.00,23735.92,2026-01-07,SETTLED
SET_9164,RZP_REF_1166,17531.00,315.56,0.00,17215.44,2026-02-05,SETTLED
SET_9165,RZP_REF_1167,24355.00,0.00,0.00,24355.00,2026-02-14,SETTLED
SET_9166,RZP_REF_1168,24544.00,0.00,0.00,24544.00,2026-01-08,SETTLED
SET_9167,RZP_REF_1169,40802.00,0.00,0.00,40802.00,2026-02-28,SETTLED
SET_9168,RZP_REF_1170,4342.00,0.00,0.00,4342.00,2026-02-13,SETTLED
SET_9169,RZP_REF_1171,26958.00,0.00,0.00,26958.00,2026-01-08,SETTLED
SET_9170,RZP_REF_1172,20146.00,0.00,0.00,20146.00,2026-02-02,SETTLED
SET_9171,RZP_REF_1173,31885.20,0.00,0.00,31885.20,2026-01-10,PARTIAL_SETTLED
SET_9172,RZP_REF_1174,44140.00,0.00,0.00,44140.00,2026-03-02,SETTLED
SET_9173,RZP_REF_1175,43120.00,0.00,0.00,43120.00,2026-01-08,SETTLED
SET_9174,RZP_REF_1176,2344.00,0.00,0.00,2344.00,2026-02-14,SETTLED
SET_9175,RZP_REF_1177,29343.00,586.86,0.00,28756.14,2026-03-03,SETTLED
SET_9176,RZP_REF_1178,6711.00,0.00,0.00,6711.00,2026-02-14,SETTLED
SET_9177,RZP_REF_1179,26292.00,525.84,0.00,25766.16,2026-01-20,SETTLED
SET_9178,RZP_REF_1181,42109.00,0.00,0.00,42109.00,2026-02-09,SETTLED
SET_9179,RZP_REF_1182,16162.00,0.00,0.00,16162.00,2026-01-09,SETTLED
SET_9180,RZPREF1183,36520.00,0.00,0.00,36520.00,2026-01-15,SETTLED
SET_9181,RZP_REF_1185,7745.60,0.00,0.00,7745.60,2026-01-10,PARTIAL_SETTLED
SET_9182,RZP_REF_1186,43523.00,0.00,0.00,43523.00,2026-02-25,SETTLED
SET_9183,RZP_REF_1187,23677.00,0.00,0.00,23677.00,2026-02-21,SETTLED
SET_9184,RZP_REF_1188,11619.00,0.00,0.00,11619.00,2026-01-18,SETTLED
SET_9185,RZP_REF_1188_DUP,11619.00,0.00,0.00,11619.00,2026-01-18,SETTLED
SET_9186,RZP_REF_1189,48809.00,0.00,0.00,48809.00,2026-01-27,SETTLED
SET_9187,RZP_REF_1190,29578.00,0.00,0.00,29578.00,2026-02-19,SETTLED
SET_9188,RZP_REF_1191,33219.00,597.94,0.00,32621.06,2026-01-16,SETTLED
SET_9189,RZP_REF_1192,43381.00,650.72,0.00,42730.28,2026-02-04,SETTLED
SET_9190,RZP_REF_1193,42361.00,762.50,0.00,41598.50,2026-01-03,SETTLED
SET_9191,RZP_REF_1195,46887.00,0.00,0.00,46887.00,2026-02-28,SETTLED
SET_9192,RZP_REF_1196,21309.00,0.00,0.00,21309.00,2026-02-09,SETTLED
SET_9193,RZP_REF_1197,18223.00,0.00,0.00,18223.00,2026-02-10,SETTLED
SET_9194,RZP_REF_1198,34970.00,0.00,0.00,34970.00,2026-01-20,SETTLED
SET_9195,RZP_REF_1199,46191.00,0.00,0.00,46191.00,2026-01-09,SETTLED
SET_9196,RZP_REF_1200,13656.60,0.00,0.00,13656.60,2026-01-28,PARTIAL_SETTLED
SET_9197,RZP_REF_1201,27462.00,0.00,0.00,27462.00,2026-02-17,SETTLED
SET_9198,RZP_REF_1202,20681.00,0.00,0.00,20681.00,2026-02-13,SETTLED
SET_9199,RZP_REF_1203,45211.00,0.00,0.00,45211.00,2026-03-03,SETTLED
SET_9200,RZP_REF_1204,5794.00,0.00,0.00,5794.00,2026-01-07,SETTLED
SET_9201,RZP_REF_1204_DUP,5794.00,0.00,0.00,5794.00,2026-01-07,SETTLED
SET_9202,RZPREF1205,48997.00,0.00,0.00,48997.00,2026-02-18,SETTLED
SET_9203,RZP_REF_1206,4130.00,0.00,0.00,4130.00,2026-02-08,SETTLED
SET_9204,RZP_REF_1206_DUP,4130.00,0.00,0.00,4130.00,2026-02-08,SETTLED
SET_9205,RZP_REF_1207,8210.00,0.00,0.00,8210.00,2026-01-28,SETTLED
SET_9206,RZP_REF_1208,3571.00,0.00,0.00,3571.00,2026-01-20,SETTLED
SET_9207,RZPREF1209,38074.00,0.00,0.00,38074.00,2026-02-03,SETTLED
SET_9208,RZP_REF_1210,31800.00,0.00,0.00,31800.00,2026-01-16,SETTLED
SET_9209,RZP_REF_1211,24288.00,0.00,0.00,24288.00,2026-01-10,SETTLED
SET_9210,RZP_REF_1212,36963.00,0.00,0.00,36963.00,2026-02-22,SETTLED
SET_9211,RZP_REF_1213,10219.55,0.00,0.00,10219.55,2026-01-19,PARTIAL_SETTLED
SET_9212,RZP_REF_1214,600.00,12.00,0.00,588.00,2026-01-13,SETTLED
SET_9213,RZP_REF_1215,43279.00,0.00,0.00,43279.00,2026-01-27,SETTLED
SET_9214,RZP_REF_1215_DUP,43279.00,0.00,0.00,43279.00,2026-01-27,SETTLED
SET_9215,RZP_REF_1216,48760.00,0.00,0.00,48760.00,2026-02-12,SETTLED
SET_9216,RZP_REF_1217,34965.00,0.00,0.00,34965.00,2026-01-15,SETTLED
SET_9217,RZP_REF_1218,19159.00,0.00,0.00,19159.00,2026-01-12,PARTIAL_SETTLED
SET_9218,RZP_REF_1219,15020.60,0.00,0.00,15020.60,2026-02-20,PARTIAL_SETTLED
SET_9219,RZP_REF_1220,10516.00,0.00,0.00,10516.00,2026-02-18,SETTLED
SET_9220,RZP_REF_1221,29239.00,0.00,0.00,29239.00,2026-02-13,SETTLED
SET_9221,RZP_REF_1223,49675.00,0.00,0.00,49675.00,2026-02-03,SETTLED
SET_9222,RZP_REF_1224,7467.00,0.00,0.00,7467.00,2026-01-22,SETTLED
SET_9223,RZP_REF_1225,14651.00,0.00,0.00,14651.00,2026-01-26,SETTLED
SET_9224,RZP_REF_1226,19953.00,0.00,0.00,19953.00,2026-03-03,SETTLED
SET_9225,RZP_REF_1226_DUP,19953.00,0.00,0.00,19953.00,2026-03-03,SETTLED
SET_9226,RZP_REF_1227,9193.00,0.00,0.00,9193.00,2026-02-19,SETTLED
SET_9227,RZP_REF_1228,8063.00,145.13,0.00,7917.87,2026-01-02,SETTLED
SET_9228,RZP_REF_1229,28423.00,0.00,0.00,28423.00,2026-01-13,SETTLED
SET_9229,RZP_REF_1231,26222.00,0.00,0.00,26222.00,2026-02-26,SETTLED
SET_9230,RZP_REF_1231_DUP,26222.00,0.00,0.00,26222.00,2026-02-26,SETTLED
SET_9231,RZP_REF_1232,1213.80,0.00,0.00,1213.80,2026-01-31,PARTIAL_SETTLED
SET_9232,RZP_REF_1233,28333.00,0.00,0.00,28333.00,2026-02-07,SETTLED
SET_9233,RZP_REF_1234,6585.80,0.00,0.00,6585.80,2026-01-27,PARTIAL_SETTLED
SET_9234,RZP_REF_1235,40709.00,0.00,0.00,40709.00,2026-01-30,SETTLED
SET_9235,RZP_REF_1236,7137.00,0.00,0.00,7137.00,2026-01-19,SETTLED
SET_9236,RZP_REF_1237,5354.00,0.00,0.00,5354.00,2026-01-27,SETTLED
SET_9237,RZP_REF_1239,33655.00,0.00,0.00,33655.00,2026-02-10,SETTLED
SET_9238,RZPREF1240,23096.00,0.00,0.00,23096.00,2026-01-24,SETTLED
SET_9239,RZP_REF_1241,7837.60,0.00,0.00,7837.60,2026-01-18,PARTIAL_SETTLED
SET_9240,RZP_REF_1242,10218.00,0.00,0.00,10218.00,2026-02-18,SETTLED
SET_9241,RZP_REF_1243,41353.00,0.00,0.00,41353.00,2026-02-02,SETTLED
SET_9242,RZP_REF_1244,37194.00,0.00,0.00,37194.00,2026-02-12,SETTLED
SET_9243,RZP_REF_1245,29020.00,0.00,0.00,29020.00,2026-01-06,SETTLED
SET_9244,RZP_REF_1246,20045.00,0.00,0.00,20045.00,2026-02-21,SETTLED
SET_9245,RZP_REF_1247,23264.00,0.00,0.00,23264.00,2026-02-03,SETTLED
SET_9246,RZP_REF_1248,29816.00,0.00,0.00,29816.00,2026-01-04,SETTLED
SET_9247,RZP_REF_1248_DUP,29816.00,0.00,0.00,29816.00,2026-01-04,SETTLED
SET_9248,RZP_REF_1249,19013.00,0.00,0.00,19013.00,2026-01-06,SETTLED
SET_9249,RZP_REF_1250,38232.00,0.00,0.00,38232.00,2026-02-06,SETTLED
SET_9250,RZP_REF_1251,42918.00,0.00,0.00,42918.00,2026-01-14,SETTLED
SET_9251,RZP_REF_1252,29751.30,0.00,0.00,29751.30,2026-01-11,PARTIAL_SETTLED
SET_9252,RZP_REF_1253,22707.00,0.00,0.00,22707.00,2026-02-16,SETTLED
SET_9253,RZP_REF_1253_DUP,22707.00,0.00,0.00,22707.00,2026-02-16,SETTLED
SET_9254,RZP_REF_1254,42544.00,0.00,0.00,42544.00,2026-01-13,SETTLED
SET_9255,RZP_REF_1254_DUP,42544.00,0.00,0.00,42544.00,2026-01-13,SETTLED
SET_9256,RZP_REF_1256,34458.00,0.00,0.00,34458.00,2026-02-10,SETTLED
SET_9257,RZP_REF_1257,18739.00,337.30,0.00,18401.70,2026-01-26,SETTLED
SET_9258,RZP_REF_1258,19018.75,0.00,0.00,19018.75,2026-02-14,PARTIAL_SETTLED
SET_9259,RZP_REF_1259,21806.00,0.00,0.00,21806.00,2026-01-08,SETTLED
SET_9260,RZP_REF_1260,47630.00,0.00,0.00,47630.00,2026-02-25,SETTLED
SET_9261,RZP_REF_1261,38390.00,0.00,0.00,38390.00,2026-02-13,SETTLED
SET_9262,RZP_REF_1262,43195.00,0.00,0.00,43195.00,2026-02-16,SETTLED
SET_9263,RZP_REF_1263,46654.00,0.00,0.00,46654.00,2026-03-03,SETTLED
SET_9264,RZPREF1264,24886.00,0.00,0.00,24886.00,2026-02-12,SETTLED
SET_9265,RZP_REF_1265,46260.00,0.00,0.00,46260.00,2026-02-24,SETTLED
SET_9266,RZP_REF_1266,20325.20,0.00,0.00,20325.20,2026-01-03,PARTIAL_SETTLED
SET_9267,RZP_REF_1268,15046.00,300.92,0.00,14745.08,2026-01-11,SETTLED
SET_9268,RZP_REF_1269,6828.00,0.00,0.00,6828.00,2026-02-05,SETTLED
SET_9269,RZP_REF_1270,40703.00,0.00,0.00,40703.00,2026-01-09,SETTLED
SET_9270,RZP_REF_1271,12051.00,0.00,0.00,12051.00,2026-02-24,SETTLED
SET_9271,RZP_REF_1272,27126.00,542.52,0.00,26583.48,2026-01-25,SETTLED
SET_9272,RZP_REF_1273,40215.00,0.00,0.00,40215.00,2026-01-19,SETTLED
SET_9273,RZP_REF_1274,15874.00,0.00,0.00,15874.00,2026-01-22,SETTLED
SET_9274,RZP_REF_1275,44653.00,0.00,0.00,44653.00,2026-03-03,SETTLED
SET_9275,RZP_REF_1276,18666.00,0.00,0.00,18666.00,2026-02-20,SETTLED
SET_9276,RZP_REF_1277,27637.00,0.00,0.00,27637.00,2026-01-12,SETTLED
SET_9277,RZP_REF_1278,16584.00,0.00,0.00,16584.00,2026-01-05,SETTLED
SET_9278,RZP_REF_1279,6923.00,124.61,0.00,6798.39,2026-02-16,SETTLED
SET_9279,RZP_REF_1280,5696.00,113.92,0.00,5582.08,2026-02-21,SETTLED
SET_9280,RZP_REF_1281,33843.00,0.00,0.00,33843.00,2026-01-10,SETTLED
SET_9281,RZP_REF_1282,29765.00,0.00,0.00,29765.00,2026-02-26,SETTLED
SET_9282,RZP_REF_1283,3690.00,55.35,0.00,3634.65,2026-01-27,SETTLED
SET_9283,RZP_REF_1284,25507.00,0.00,0.00,25507.00,2026-01-08,SETTLED
SET_9284,RZP_REF_1285,21085.00,379.53,0.00,20705.47,2026-03-02,SETTLED
SET_9285,RZP_REF_1286,42795.00,855.90,0.00,41939.10,2026-01-23,SETTLED
SET_9286,RZP_REF_1287,2710.00,0.00,0.00,2710.00,2026-01-21,SETTLED
SET_9287,RZP_REF_1288,46438.00,0.00,0.00,46438.00,2026-01-31,SETTLED
SET_9288,RZP_REF_1289,1445.00,28.90,0.00,1416.10,2026-01-18,SETTLED
SET_9289,RZP_REF_1290,36166.00,0.00,0.00,36166.00,2026-03-03,SETTLED
SET_9290,RZP_REF_1291,19081.00,0.00,0.00,19081.00,2026-01-16,SETTLED
SET_9291,RZP_REF_1292,15826.00,0.00,0.00,15826.00,2026-01-27,SETTLED
SET_9292,RZP_REF_1293,32956.00,0.00,0.00,32956.00,2026-02-09,SETTLED
SET_9293,RZP_REF_1294,13646.75,0.00,0.00,13646.75,2026-02-16,PARTIAL_SETTLED
SET_9294,RZPREF1295,302.00,0.00,0.00,302.00,2026-02-10,SETTLED
SET_9295,RZP_REF_1296,27500.00,0.00,0.00,27500.00,2026-01-13,SETTLED
SET_9296,RZP_REF_1297,31207.50,0.00,0.00,31207.50,2026-02-05,PARTIAL_SETTLED
SET_9297,RZP_REF_1298,3053.00,0.00,0.00,3053.00,2026-02-13,SETTLED
SET_9298,RZP_REF_1299,49176.00,0.00,0.00,49176.00,2026-01-02,SETTLED
SET_9299,RZP_REF_1300,16002.00,0.00,0.00,16002.00,2026-02-17,SETTLED
SET_9300,RZP_REF_1301,3105.00,0.00,0.00,3105.00,2026-01-23,SETTLED
SET_9301,RZP_REF_1302,45071.00,0.00,0.00,45071.00,2026-01-30,SETTLED
SET_9302,RZP_REF_1303,4335.00,0.00,0.00,4335.00,2026-02-17,SETTLED
SET_9303,RZP_REF_1304,13411.00,268.22,0.00,13142.78,2026-01-04,SETTLED
SET_9304,RZP_REF_1305,20882.00,0.00,0.00,20882.00,2026-03-02,SETTLED
SET_9305,RZPREF1306,31224.00,0.00,0.00,31224.00,2026-01-18,SETTLED
SET_9306,RZP_REF_1307,23594.00,0.00,0.00,23594.00,2026-02-26,SETTLED
SET_9307,RZP_REF_1308,8357.00,125.36,0.00,8231.64,2026-02-22,SETTLED
SET_9308,RZP_REF_1309,26415.00,0.00,0.00,26415.00,2026-02-18,SETTLED
SET_9309,RZP_REF_1310,12443.00,0.00,0.00,12443.00,2026-02-02,SETTLED
SET_9310,RZP_REF_1311,17679.00,318.22,0.00,17360.78,2026-02-22,SETTLED
SET_9311,RZP_REF_1312,28020.00,0.00,0.00,28020.00,2026-01-06,SETTLED
SET_9312,RZP_REF_1313,19452.00,0.00,0.00,19452.00,2026-01-21,SETTLED
SET_9313,RZP_REF_1314,43514.00,652.71,0.00,42861.29,2026-01-20,SETTLED
SET_9314,RZP_REF_1316,45404.00,0.00,0.00,45404.00,2026-02-01,SETTLED
SET_9315,RZP_REF_1317,47832.00,717.48,0.00,47114.52,2026-02-26,SETTLED
SET_9316,RZP_REF_1318,28704.00,0.00,0.00,28704.00,2026-01-18,SETTLED
SET_9317,RZP_REF_1319,41980.00,0.00,0.00,41980.00,2026-01-26,SETTLED
SET_9318,RZP_REF_1320,9557.00,0.00,0.00,9557.00,2026-02-25,SETTLED
SET_9319,RZP_REF_1321,4606.00,0.00,0.00,4606.00,2026-01-17,SETTLED
SET_9320,RZP_REF_1322,37374.00,0.00,0.00,37374.00,2026-01-04,SETTLED
SET_9321,RZP_REF_1323,19664.00,0.00,0.00,19664.00,2026-01-30,PARTIAL_SETTLED
SET_9322,RZP_REF_1324,24248.00,0.00,0.00,24248.00,2026-01-27,SETTLED
SET_9323,RZP_REF_1326,34130.00,0.00,0.00,34130.00,2026-01-26,SETTLED
SET_9324,RZPREF1327,17258.00,0.00,0.00,17258.00,2026-02-16,SETTLED
SET_9325,RZP_REF_1328,15132.00,0.00,0.00,15132.00,2026-02-15,PARTIAL_SETTLED
SET_9326,RZP_REF_1329,9095.00,0.00,0.00,9095.00,2026-02-25,SETTLED
SET_9327,RZP_REF_1329_DUP,9095.00,0.00,0.00,9095.00,2026-02-25,SETTLED
SET_9328,RZP_REF_1331,44890.00,673.35,0.00,44216.65,2026-02-25,SETTLED
SET_9329,RZP_REF_1332,19522.80,0.00,0.00,19522.80,2026-02-16,PARTIAL_SETTLED
SET_9330,RZP_REF_1333,8943.70,0.00,0.00,8943.70,2026-02-16,PARTIAL_SETTLED
SET_9331,RZP_REF_1334,14895.00,0.00,0.00,14895.00,2026-01-08,SETTLED
SET_9332,RZP_REF_1335,32576.00,0.00,0.00,32576.00,2026-01-03,SETTLED
SET_9333,RZP_REF_1336,36352.00,654.34,0.00,35697.66,2026-01-10,SETTLED
SET_9334,RZP_REF_1337,20469.00,0.00,0.00,20469.00,2026-01-27,SETTLED
SET_9335,RZPREF1338,27032.00,0.00,0.00,27032.00,2026-02-23,SETTLED
SET_9336,RZP_REF_1339,42296.00,0.00,0.00,42296.00,2026-01-06,SETTLED
SET_9337,RZP_REF_1340,27284.00,0.00,0.00,27284.00,2026-01-24,PARTIAL_SETTLED
SET_9338,RZP_REF_1341,8656.00,0.00,0.00,8656.00,2026-01-28,SETTLED
SET_9339,RZP_REF_1342,10228.00,0.00,0.00,10228.00,2026-01-20,SETTLED
SET_9340,RZP_REF_1343,46686.00,0.00,0.00,46686.00,2026-01-16,SETTLED
SET_9341,RZP_REF_1344,16623.00,249.35,0.00,16373.65,2026-01-14,SETTLED
SET_9342,RZP_REF_1345,41161.00,0.00,0.00,41161.00,2026-01-21,SETTLED
SET_9343,RZP_REF_1345_DUP,41161.00,0.00,0.00,41161.00,2026-01-21,SETTLED
SET_9344,RZP_REF_1347,30359.00,0.00,0.00,30359.00,2026-02-10,PARTIAL_SETTLED
SET_9345,RZP_REF_1348,5523.00,0.00,0.00,5523.00,2026-01-03,SETTLED
SET_9346,RZP_REF_1349,37695.00,0.00,0.00,37695.00,2026-01-28,SETTLED
SET_9347,RZP_REF_1350,35954.00,0.00,0.00,35954.00,2026-01-20,SETTLED
SET_9348,RZP_REF_1351,45091.00,0.00,0.00,45091.00,2026-01-27,SETTLED
SET_9349,RZP_REF_1352,45328.00,0.00,0.00,45328.00,2026-01-05,SETTLED
SET_9350,RZP_REF_1353,31935.00,0.00,0.00,31935.00,2026-01-31,SETTLED
SET_9351,RZP_REF_1354,9615.00,0.00,0.00,9615.00,2026-01-22,SETTLED
SET_9352,RZP_REF_1355,8769.00,0.00,0.00,8769.00,2026-02-20,SETTLED
SET_9353,RZP_REF_1356,13635.70,0.00,0.00,13635.70,2026-01-31,PARTIAL_SETTLED
SET_9354,RZP_REF_1357,16447.00,0.00,0.00,16447.00,2026-01-11,SETTLED
SET_9355,RZP_REF_1358,25375.00,456.75,0.00,24918.25,2026-02-26,SETTLED
SET_9356,RZP_REF_1359,10666.00,0.00,0.00,10666.00,2026-02-23,SETTLED
SET_9357,RZP_REF_1360,20694.00,413.88,0.00,20280.12,2026-01-14,SETTLED
SET_9358,RZP_REF_1361,33933.00,0.00,0.00,33933.00,2026-01-31,SETTLED
SET_9359,RZP_REF_1362,1718.00,30.92,0.00,1687.08,2026-01-07,SETTLED
SET_9360,RZP_REF_1364,23327.00,0.00,0.00,23327.00,2026-01-05,SETTLED
SET_9361,RZP_REF_1365,39358.00,0.00,0.00,39358.00,2026-02-27,SETTLED
SET_9362,RZP_REF_1365_DUP,39358.00,0.00,0.00,39358.00,2026-02-27,SETTLED
SET_9363,RZP_REF_1366,31834.80,0.00,0.00,31834.80,2026-01-02,PARTIAL_SETTLED
SET_9364,RZP_REF_1367,17532.00,0.00,0.00,17532.00,2026-02-17,SETTLED
SET_9365,RZP_REF_1368,3165.00,0.00,0.00,3165.00,2026-01-27,SETTLED
SET_9366,RZP_REF_1369,12956.00,194.34,0.00,12761.66,2026-01-25,SETTLED
SET_9367,RZP_REF_1370,25519.00,0.00,0.00,25519.00,2026-02-03,SETTLED
SET_9368,RZPREF1371,41044.00,0.00,0.00,41044.00,2026-02-14,SETTLED
SET_9369,RZP_REF_1372,26014.00,390.21,0.00,25623.79,2026-01-25,SETTLED
SET_9370,RZP_REF_1373,24160.00,483.20,0.00,23676.80,2026-02-20,SETTLED
SET_9371,RZP_REF_1374,33565.00,0.00,0.00,33565.00,2026-01-28,SETTLED
SET_9372,RZP_REF_1375,9180.00,0.00,0.00,9180.00,2026-02-18,SETTLED
SET_9373,RZP_REF_1376,30149.00,602.98,0.00,29546.02,2026-01-11,SETTLED
SET_9374,RZP_REF_1377,40378.00,0.00,0.00,40378.00,2026-01-22,SETTLED
SET_9375,RZP_REF_1378,48652.00,0.00,0.00,48652.00,2026-02-24,SETTLED
SET_9376,RZP_REF_1379,33604.00,0.00,0.00,33604.00,2026-02-05,SETTLED
SET_9377,RZP_REF_1380,1290.00,0.00,0.00,1290.00,2026-01-25,SETTLED
SET_9378,RZP_REF_1381,38453.00,0.00,0.00,38453.00,2026-01-21,SETTLED
SET_9379,RZP_REF_1382,43164.00,0.00,0.00,43164.00,2026-02-21,SETTLED
SET_9380,RZP_REF_1382_DUP,43164.00,0.00,0.00,43164.00,2026-02-21,SETTLED
SET_9381,RZP_REF_1383,3565.00,0.00,0.00,3565.00,2026-02-07,SETTLED
SET_9382,RZP_REF_1384,41423.00,0.00,0.00,41423.00,2026-02-16,SETTLED
SET_9383,RZP_REF_1385,16072.00,0.00,0.00,16072.00,2026-01-03,SETTLED
SET_9384,RZP_REF_1386,29103.00,0.00,0.00,29103.00,2026-01-23,SETTLED
SET_9385,RZP_REF_1388,40273.00,724.91,0.00,39548.09,2026-03-01,SETTLED
SET_9386,RZP_REF_1389,47871.00,957.42,0.00,46913.58,2026-01-06,SETTLED
SET_9387,RZP_REF_1390,21502.00,0.00,0.00,21502.00,2026-02-13,SETTLED
SET_9388,RZP_REF_1390_DUP,21502.00,0.00,0.00,21502.00,2026-02-13,SETTLED
SET_9389,RZP_REF_1391,24895.00,0.00,0.00,24895.00,2026-01-22,SETTLED
SET_9390,RZP_REF_1393,47446.00,0.00,0.00,47446.00,2026-02-14,SETTLED
SET_9391,RZP_REF_1394,10880.00,0.00,0.00,10880.00,2026-01-17,PARTIAL_SETTLED
SET_9392,RZP_REF_1395,19704.00,0.00,0.00,19704.00,2026-02-20,SETTLED
SET_9393,RZP_REF_1395_DUP,19704.00,0.00,0.00,19704.00,2026-02-20,SETTLED
SET_9394,RZP_REF_1396,11716.40,0.00,0.00,11716.40,2026-02-15,PARTIAL_SETTLED
SET_9395,RZP_REF_1397,23059.00,0.00,0.00,23059.00,2026-02-06,SETTLED
SET_9396,RZP_REF_1398,37783.00,0.00,0.00,37783.00,2026-02-14,SETTLED
SET_9397,RZP_REF_1399,8329.15,0.00,0.00,8329.15,2026-01-20,PARTIAL_SETTLED
SET_9398,RZP_REF_1400,5379.00,96.82,0.00,5282.18,2026-01-24,SETTLED
SET_9399,RZP_REF_1401,17006.00,0.00,0.00,17006.00,2026-02-17,SETTLED
SET_9400,RZP_REF_1402,35496.00,532.44,0.00,34963.56,2026-01-19,SETTLED
SET_9401,RZP_REF_1403,7358.00,147.16,0.00,7210.84,2026-02-10,SETTLED
SET_9402,RZP_REF_1405,15459.00,0.00,0.00,15459.00,2026-01-05,SETTLED
SET_9403,RZP_REF_1406,47212.00,849.82,0.00,46362.18,2026-02-01,SETTLED
SET_9404,RZP_REF_1407,9209.00,0.00,0.00,9209.00,2026-01-02,SETTLED
SET_9405,RZP_REF_1408,31375.00,0.00,0.00,31375.00,2026-02-01,SETTLED
SET_9406,RZP_REF_1409,18904.00,0.00,0.00,18904.00,2026-02-11,SETTLED
SET_9407,RZP_REF_1410,37826.00,0.00,0.00,37826.00,2026-01-15,SETTLED
SET_9408,RZP_REF_1411,11720.00,0.00,0.00,11720.00,2026-03-02,SETTLED
SET_9409,RZP_REF_1412,12410.00,186.15,0.00,12223.85,2026-03-02,SETTLED
SET_9410,RZP_REF_1413,807.00,0.00,0.00,807.00,2026-01-21,SETTLED
SET_9411,RZP_REF_1415,26595.20,0.00,0.00,26595.20,2026-01-31,PARTIAL_SETTLED
SET_9412,RZP_REF_1416,21871.00,0.00,0.00,21871.00,2026-01-12,SETTLED
SET_9413,RZP_REF_1417,12402.00,0.00,0.00,12402.00,2026-01-02,SETTLED
SET_9414,RZP_REF_1417_DUP,12402.00,0.00,0.00,12402.00,2026-01-02,SETTLED
SET_9415,RZP_REF_1418,29928.00,0.00,0.00,29928.00,2026-02-14,PARTIAL_SETTLED
SET_9416,RZP_REF_1419,42059.00,0.00,0.00,42059.00,2026-02-28,SETTLED
SET_9417,RZP_REF_1420,21691.00,0.00,0.00,21691.00,2026-01-08,SETTLED
SET_9418,RZP_REF_1421,9415.00,0.00,0.00,9415.00,2026-01-31,SETTLED
SET_9419,RZP_REF_1422,17290.00,345.80,0.00,16944.20,2026-01-26,SETTLED
SET_9420,RZP_REF_1423,49598.00,0.00,0.00,49598.00,2026-01-19,SETTLED
SET_9421,RZP_REF_1424,47574.00,0.00,0.00,47574.00,2026-02-07,SETTLED
SET_9422,RZP_REF_1425,23763.00,475.26,0.00,23287.74,2026-02-16,SETTLED
SET_9423,RZP_REF_1426,7947.00,0.00,0.00,7947.00,2026-01-30,SETTLED
SET_9424,RZP_REF_1427,45162.00,677.43,0.00,44484.57,2026-02-03,SETTLED
SET_9425,RZP_REF_1428,7894.00,0.00,0.00,7894.00,2026-02-11,SETTLED
SET_9426,RZP_REF_1429,14673.00,293.46,0.00,14379.54,2026-01-16,SETTLED
SET_9427,RZP_REF_1430,10239.00,153.59,0.00,10085.41,2026-01-31,SETTLED
SET_9428,RZP_REF_1431,36961.60,0.00,0.00,36961.60,2026-02-06,PARTIAL_SETTLED
SET_9429,RZP_REF_1432,16417.00,0.00,0.00,16417.00,2026-02-14,SETTLED
SET_9430,RZP_REF_1433,46322.00,833.80,0.00,45488.20,2026-01-25,SETTLED
SET_9431,RZP_REF_1434,7553.00,0.00,0.00,7553.00,2026-01-04,SETTLED
SET_9432,RZP_REF_1435,21703.00,0.00,0.00,21703.00,2026-02-24,SETTLED
SET_9433,RZP_REF_1436,13661.00,0.00,0.00,13661.00,2026-02-15,SETTLED
SET_9434,RZP_REF_1437,29395.00,0.00,0.00,29395.00,2026-02-22,SETTLED
SET_9435,RZP_REF_1438,33836.00,0.00,0.00,33836.00,2026-01-28,SETTLED
SET_9436,RZP_REF_1439,36821.00,0.00,0.00,36821.00,2026-02-01,SETTLED
SET_9437,RZP_REF_1440,16876.00,0.00,0.00,16876.00,2026-02-22,SETTLED
SET_9438,RZP_REF_1441,4238.10,0.00,0.00,4238.10,2026-01-04,PARTIAL_SETTLED
SET_9439,RZP_REF_1442,4378.00,0.00,0.00,4378.00,2026-02-04,SETTLED
SET_9440,RZP_REF_1443,2279.00,41.02,0.00,2237.98,2026-01-20,SETTLED
SET_9441,RZP_REF_1444,9075.00,0.00,0.00,9075.00,2026-02-20,SETTLED
SET_9442,RZP_REF_1445,26635.50,0.00,0.00,26635.50,2026-02-26,PARTIAL_SETTLED
SET_9443,RZP_REF_1446,44943.00,0.00,0.00,44943.00,2026-02-13,SETTLED
SET_9444,RZP_REF_1447,11896.00,0.00,0.00,11896.00,2026-02-04,SETTLED
SET_9445,RZP_REF_1448,14794.00,0.00,0.00,14794.00,2026-02-23,SETTLED
SET_9446,RZP_REF_1449,30543.00,0.00,0.00,30543.00,2026-02-14,SETTLED
SET_9447,RZP_REF_1449_DUP,30543.00,0.00,0.00,30543.00,2026-02-14,SETTLED
SET_9448,RZP_REF_1450,25056.00,0.00,0.00,25056.00,2026-02-23,SETTLED
SET_9449,RZP_REF_1450_DUP,25056.00,0.00,0.00,25056.00,2026-02-23,SETTLED
SET_9450,RZP_REF_1451,30387.00,0.00,0.00,30387.00,2026-01-24,SETTLED
SET_9451,RZP_REF_1452,47715.00,0.00,0.00,47715.00,2026-02-20,SETTLED
SET_9452,RZP_REF_1453,27675.00,0.00,0.00,27675.00,2026-02-09,SETTLED
SET_9453,RZP_REF_1454,4609.00,0.00,0.00,4609.00,2026-01-08,SETTLED
SET_9454,RZP_REF_1456,48732.00,0.00,0.00,48732.00,2026-01-04,SETTLED
SET_9455,RZP_REF_1457,35573.00,0.00,0.00,35573.00,2026-01-15,SETTLED
SET_9456,RZP_REF_1457_DUP,35573.00,0.00,0.00,35573.00,2026-01-15,SETTLED
SET_9457,RZP_REF_1458,33223.00,664.46,0.00,32558.54,2026-01-22,SETTLED
SET_9458,RZP_REF_1459,39385.00,0.00,0.00,39385.00,2026-02-19,SETTLED
SET_9459,RZP_REF_1460,8629.20,0.00,0.00,8629.20,2026-02-13,PARTIAL_SETTLED
SET_9460,RZP_REF_1461,18232.00,364.64,0.00,17867.36,2026-01-07,SETTLED
SET_9461,RZP_REF_1462,32681.00,0.00,0.00,32681.00,2026-01-05,SETTLED
SET_9462,RZP_REF_1463,18979.20,0.00,0.00,18979.20,2026-02-15,PARTIAL_SETTLED
SET_9463,RZP_REF_1464,17867.70,0.00,0.00,17867.70,2026-01-26,PARTIAL_SETTLED
SET_9464,RZP_REF_1465,14968.00,0.00,0.00,14968.00,2026-01-21,SETTLED
SET_9465,RZP_REF_1466,37056.00,667.01,0.00,36388.99,2026-01-28,SETTLED
SET_9466,RZPREF1467,34933.00,0.00,0.00,34933.00,2026-01-10,SETTLED
SET_9467,RZP_REF_1468,13525.00,0.00,0.00,13525.00,2026-01-23,SETTLED
SET_9468,RZP_REF_1469,6259.00,0.00,0.00,6259.00,2026-02-05,SETTLED
SET_9469,RZP_REF_1470,24918.00,0.00,0.00,24918.00,2026-02-14,SETTLED
SET_9470,RZP_REF_1470_DUP,24918.00,0.00,0.00,24918.00,2026-02-14,SETTLED
SET_9471,RZP_REF_1471,12531.00,250.62,0.00,12280.38,2026-02-24,SETTLED
SET_9472,RZP_REF_1472,22021.00,396.38,0.00,21624.62,2026-01-21,SETTLED
SET_9473,RZP_REF_1473,12653.00,0.00,0.00,12653.00,2026-02-20,SETTLED
SET_9474,RZP_REF_1474,45788.00,0.00,0.00,45788.00,2026-02-09,SETTLED
SET_9475,RZP_REF_1475,36381.00,545.72,0.00,35835.28,2026-01-22,SETTLED
SET_9476,RZP_REF_1476,30756.00,0.00,0.00,30756.00,2026-02-05,SETTLED
SET_9477,RZP_REF_1477,23769.00,427.84,0.00,23341.16,2026-02-03,SETTLED
SET_9478,RZP_REF_1478,6662.00,0.00,0.00,6662.00,2026-02-22,SETTLED
SET_9479,RZP_REF_1479,24494.00,0.00,0.00,24494.00,2026-01-21,SETTLED
SET_9480,RZP_REF_1480,14701.00,0.00,0.00,14701.00,2026-02-17,SETTLED
SET_9481,RZP_REF_1481,36461.00,0.00,0.00,36461.00,2026-03-02,SETTLED
SET_9482,RZP_REF_1482,13057.00,0.00,0.00,13057.00,2026-01-23,SETTLED
SET_9483,RZP_REF_1483,16304.00,0.00,0.00,16304.00,2026-02-02,SETTLED
SET_9484,RZP_REF_1484,32222.00,0.00,0.00,32222.00,2026-02-17,SETTLED
SET_9485,RZP_REF_1485,48222.00,723.33,0.00,47498.67,2026-02-21,SETTLED
SET_9486,RZP_REF_1486,9372.00,0.00,0.00,9372.00,2026-02-16,SETTLED
SET_9487,RZP_REF_1487,42261.00,760.70,0.00,41500.30,2026-01-05,SETTLED
SET_9488,RZP_REF_1489,9210.00,0.00,0.00,9210.00,2026-02-24,SETTLED
SET_9489,RZP_REF_1489_DUP,9210.00,0.00,0.00,9210.00,2026-02-24,SETTLED
SET_9490,RZP_REF_1490,46545.00,837.81,0.00,45707.19,2026-01-11,SETTLED
SET_9491,RZP_REF_1491,33343.00,0.00,0.00,33343.00,2026-01-30,SETTLED
SET_9492,RZP_REF_1492,41994.00,0.00,0.00,41994.00,2026-02-15,SETTLED
SET_9493,RZP_REF_1493,633.00,0.00,0.00,633.00,2026-02-04,SETTLED
SET_9494,RZP_REF_1494,34895.00,0.00,0.00,34895.00,2026-02-17,SETTLED
SET_9495,RZP_REF_1495,33113.00,0.00,0.00,33113.00,2026-02-22,SETTLED
SET_9496,RZP_REF_1496,6512.00,0.00,0.00,6512.00,2026-02-03,SETTLED
SET_9497,RZP_REF_1497,40817.00,0.00,0.00,40817.00,2026-02-06,SETTLED
SET_9498,RZP_REF_1498,26211.00,0.00,0.00,26211.00,2026-01-07,SETTLED
SET_9499,RZP_REF_1499,37227.00,0.00,0.00,37227.00,2026-01-17,SETTLED
SET_9500,RZP_REF_1500,5483.00,98.69,0.00,5384.31,2026-02-12,SETTLED
